material,material-id,e_hull,indice_de_miller,capas,nsites,altura_slab,a,b,c,alpha,beta,gamma,escalonada,exito_limpia,sitios_bridge,sitios_hollow,sitios_ontop,sitios_totales,bridge_enviados,hollow_enviados,ontop_enviados,bridge_exitosos,hollow_exitosos,ontop_exitosos,prob_convergencia,prob_tiempo,errores
Li,mp-1018134,0.0,100,6,18,4.443682797818958,3.078673751416902,22.369433955789773,24.44368279781896,90.0,90.0,90.0,False,,,,,,,,,,,,0,0,0
Li,mp-1018134,0.0,110,6,18,7.696684378542256,5.33241935738275,7.665407662605867,27.69668437854225,90.0,90.0,103.40792182403636,False,,,,,,,,,,,,0,0,0
Li,mp-1018134,0.0,111,6,46,7.889799080170871,5.332419357382754,22.58029688844024,27.889799080170874,94.45331872049547,94.71500395394824,83.21887656680471,True,,,,,,,,,,,,0,0,0
Li,mp-51,0.0016723733333336,100,6,6,10.83416168064474,3.0643636771421354,3.0643636771421354,30.83416168064474,90.0,90.0,90.0,False,True,2.0,0.0,1.0,3.0,,,,,,,0,0,0
Li,mp-51,0.0016723733333336,110,6,6,7.660909192855325,3.064363677142135,4.333664672257896,27.66090919285533,90.0,90.0,90.0,False,True,3.0,0.0,1.0,4.0,,,,,,,0,0,0
Li,mp-51,0.0016723733333336,111,6,6,12.51021232552834,3.064363677142135,3.0643636771421368,32.510212325528336,90.0,90.0,120.0,False,True,1.0,2.0,1.0,4.0,,,,,,,0,0,0
Li,mp-976411,0.0058890908333335,100,6,8,4.379758465715991,3.034385675,10.21620767,24.37975846571599,90.0,90.0,90.0,False,,,,,,,,,,,,0,0,0
Li,mp-976411,0.0058890908333335,110,6,24,7.920306420463511,5.255710158859183,10.21620767,27.92030642046351,90.0,94.71500395394824,90.0,False,,,,,,,,,,,,0,0,0
Li,mp-976411,0.0058890908333335,111,6,21,7.920306420463515,5.255710158859183,10.657316528151542,27.92030642046351,99.33161926881196,94.71500395394824,75.72491834228018,True,,,,,,,,,,,,0,0,0
Li,mp-10173,0.0059877483333337,100,6,6,6.092077305925333,3.014796405,5.1083222,26.09207730592533,90.0,90.0,90.0,False,,,,,,,,,,,,0,0,0
Li,mp-10173,0.0059877483333337,110,6,12,7.726098906103427,5.1083222,5.221780547935998,27.72609890610343,94.71500395394824,90.0,90.0,False,,,,,,,,,,,,0,0,0
Li,mp-10173,0.0059877483333337,111,6,11,7.29618143187624,5.221780547935998,5.931606280141473,27.29618143187624,84.98226568988298,85.09254922331054,63.8855391518296,False,,,,,,,,,,,,0,0,0
Li,mp-567337,0.0088194633333333,100,6,6,8.581000257541618,3.4324001030166484,3.4324001030166484,28.581000257541618,90.0,90.0,90.0,False,True,2.0,0.0,1.0,3.0,2.0,0.0,1.0,2.0,0.0,1.0,0,0,0
Li,mp-567337,0.0088194633333333,110,6,6,12.135366942942376,2.9725456851647416,2.9725456851647416,32.135366942942376,90.0,90.0,109.47122063449068,False,True,2.0,1.0,1.0,4.0,2.0,1.0,1.0,2.0,1.0,1.0,0,0,0
Li,mp-567337,0.0088194633333333,111,6,9,7.667163419964826,4.854146777176952,4.854146777176953,27.66716341996483,85.882860523473,85.882860523473,60.00000000000002,False,True,2.0,2.0,1.0,5.0,2.0,2.0,1.0,2.0,2.0,1.0,0,0,0
Li,mp-135,0.0096508633333334,100,6,6,8.598281129652046,3.4393124518608182,3.4393124518608182,28.598281129652044,90.0,90.0,90.0,False,True,2.0,0.0,1.0,3.0,,,,,,,0,0,0
Li,mp-135,0.0096508633333334,110,6,6,12.159805786650583,2.978531954863613,2.978531954863613,32.15980578665058,90.0,90.0,109.47122063449068,False,True,2.0,1.0,1.0,4.0,,,,,,,0,0,0
Li,mp-135,0.0096508633333334,111,6,6,4.714325156735796,4.863922314660232,4.863922314660232,24.7143251567358,90.0,94.117139476527,60.00000000000002,False,True,2.0,2.0,1.0,5.0,,,,,,,0,0,0
Li,mp-1063005,0.0156708833333336,100,6,6,7.143024526336937,2.888843,4.94883255973048,27.14302452633694,90.0,90.0,90.0,False,True,3.0,0.0,1.0,4.0,3.0,0.0,1.0,3.0,0.0,1.0,0,0,0
Li,mp-1063005,0.0156708833333336,110,6,18,12.372081399326198,2.888843,8.571629431604332,32.3720813993262,90.0,90.0,90.0,False,True,5.0,2.0,2.0,9.0,5.0,2.0,2.0,5.0,2.0,2.0,0,0,0
Li,mp-1063005,0.0156708833333336,111,6,10,5.660015959789375,5.730301700861617,5.730301700861617,25.660015959789376,89.12091635655715,90.87908364344288,83.17873165632304,False,True,5.0,3.0,2.0,10.0,5.0,3.0,2.0,5.0,3.0,2.0,0,0,0
Li,mp-1103107,0.0553794725000003,100,6,36,7.042901210316845,5.406859,16.09323400793516,27.04290121031684,90.0,90.0,90.0,False,,,,,,,,,,,,0,0,0
Li,mp-1103107,0.0553794725000003,110,6,18,7.375771257612556,5.406859,8.51582021,27.37577125761256,94.40477900468444,90.00000000000001,90.0,False,,,,,,,,,,,,0,0,0
Li,mp-1103107,0.0553794725000003,111,6,25,7.73453464462553,7.766512654203165,8.515820209999994,27.734534644625533,88.9750954475036,85.02813618833585,76.4085427274221,False,,,,,,,,,,,,0,0,0
Ti,mp-72,0.0,100,6,6,6.725112861248276,2.82624427,4.56737483,26.72511286124828,86.3295034916849,90.0,90.0,False,True,3.0,0.0,1.0,4.0,3.0,0.0,1.0,3.0,0.0,1.0,0,0,0
Ti,mp-72,0.0,110,6,18,11.418437074999996,2.82624427,7.910925262771264,31.418437075,90.0,90.0,90.0,False,True,5.0,2.0,2.0,9.0,5.0,2.0,2.0,5.0,2.0,2.0,0,0,0
Ti,mp-72,0.0,111,6,15,7.851240409492336,5.371086436785896,5.371086436785892,27.85124040949233,93.90303347906196,86.09696652093805,85.14256970931619,False,True,5.0,3.0,2.0,10.0,5.0,3.0,2.0,5.0,3.0,2.0,0,0,0
Ti,mp-46,0.0151696033333319,100,6,12,13.55956493733863,2.935731925,4.64085615,33.559564937338635,90.0,90.0,90.0,False,True,3.0,2.0,2.0,7.0,3.0,2.0,2.0,3.0,2.0,2.0,0,0,0
Ti,mp-46,0.0151696033333319,110,6,12,7.523478260998992,4.64085615,5.084836851501985,27.523478260998992,94.71500395394824,90.0,90.0,False,True,4.0,2.0,2.0,8.0,4.0,2.0,2.0,4.0,2.0,2.0,0,0,0
Ti,mp-46,0.0151696033333319,111,6,12,7.606071068019757,5.084836851501985,5.491454064312751,27.60607106801976,92.7913863651896,94.51562183266064,62.4206070324495,False,True,6.0,2.0,2.0,10.0,6.0,2.0,2.0,6.0,2.0,0.0,0,0,2
V,mp-146,0.0,100,6,6,7.455997930362939,2.9823991721451777,2.9823991721451777,27.455997930362937,90.0,90.0,90.0,False,True,2.0,0.0,1.0,3.0,2.0,0.0,1.0,2.0,0.0,1.0,0,0,0
V,mp-146,0.0,110,6,6,10.462459068139344,2.582833447303403,2.582833447303402,30.53267691423423,91.55785576696408,91.55785576696408,109.47122063449068,False,True,2.0,1.0,1.0,4.0,2.0,1.0,1.0,2.0,1.0,1.0,0,0,0
V,mp-146,0.0,111,6,6,4.304722412172339,4.217749357658001,4.217749357658001,24.30472241217234,90.0,90.0,60.00000000000002,False,True,4.0,0.0,2.0,6.0,4.0,0.0,2.0,4.0,0.0,2.0,0,0,0
Cr,mp-90,0.0,100,6,6,7.422248383333329,2.968899353333333,2.968899353333333,27.42224838333333,90.0,90.0,90.0,False,True,2.0,0.0,1.0,3.0,2.0,0.0,1.0,2.0,0.0,1.0,0,0,0
Cr,mp-90,0.0,110,6,6,10.41510078589953,2.5711422612658583,2.5711422612658583,30.415100785899533,91.5578557669641,91.55785576696408,109.47122063449068,False,True,2.0,1.0,1.0,4.0,2.0,1.0,1.0,2.0,1.0,1.0,0,0,0
Cr,mp-90,0.0,111,6,6,4.285237102109765,4.198657730804711,4.198657730804712,24.285237102109765,90.0,90.00000000000001,60.00000000000002,False,True,4.0,0.0,2.0,6.0,4.0,0.0,2.0,4.0,0.0,2.0,0,0,0
Mn,mp-2647025,0.0526323520689651,100,6,12,11.462980476923075,2.4836457699999994,4.026195,31.46298047692308,90.0,92.20422750397202,90.0,False,True,3.0,2.0,2.0,7.0,3.0,2.0,2.0,3.0,2.0,2.0,0,0,0
Mn,mp-2647025,0.0526323520689651,110,6,12,6.209114425000003,4.026195,4.301800661643526,26.209114425000003,90.0,90.0,90.0,False,True,3.0,1.0,1.0,5.0,3.0,1.0,1.0,3.0,1.0,1.0,0,0,0
Mn,mp-2647025,0.0526323520689651,111,6,12,6.519259981091119,4.301800661643526,4.730617558930747,26.51925998109112,91.80121145995491,90.0,62.95588252710834,False,True,6.0,4.0,2.0,12.0,6.0,4.0,2.0,6.0,4.0,2.0,0,0,0
Mn,mp-35,0.0,100,6,44,6.516575668678257,9.10701715673946,9.10701715673946,26.516575668678257,90.0,90.0,90.0,False,,,,,,,,,,,,0,0,0
Mn,mp-35,0.0,110,6,36,6.439633587912706,7.8869082104371,7.8869082104371,26.439633587912702,90.0,90.0,109.47122063449068,False,False,,,,,,,,,,,0,1,0
Mn,mp-35,0.0,111,7,57,7.454063968682174,12.879267175825404,12.87926717582541,27.45406396868217,90.00000000000001,73.22134511903965,60.00000000000001,True,,,,,,,,,,,,0,0,0
Mn,mp-542909,0.039890561017243,100,6,20,6.0246171084273055,6.7055717800000005,6.705676030000001,26.024617108427304,90.00609313000002,90.00603661,90.00854641,False,False,,,,,,,,,,,0,0,0
Mn,mp-542909,0.039890561017243,110,6,32,7.111517290663208,6.705676030000001,9.483520984835842,27.111517290663205,89.99892312613629,90.01035227970074,90.00173473680789,False,,,,,,,,,,,,0,0,0
Mn,mp-542909,0.039890561017243,111,6,40,7.073258734370311,9.483520984835838,9.483599382679976,27.07325873437032,89.9994181223904,90.00012237194194,60.00231145098315,False,,,,,,,,,,,,0,0,0
Fe,mp-13,0.0,100,6,6,7.152946638882627,2.8639639201434988,2.863963920143501,27.15294663888263,90.0,90.0,90.11431858044428,False,True,2.0,1.0,1.0,4.0,,,,,,,0,0,0
Fe,mp-13,0.0,110,6,6,5.817574016193419,2.477811080000768,4.054295210000001,25.81757401619342,90.00000000000001,91.4480001745792,90.0,False,True,4.0,2.0,2.0,8.0,,,,,,,0,0,0
Fe,mp-13,0.0,111,6,6,10.107647319928544,2.477811080000768,2.4811112907738195,30.107647319928542,91.46919989253574,91.55594895131284,109.44496913702844,False,True,2.0,2.0,1.0,5.0,,,,,,,0,0,0
Fe,mp-1271068,0.0170698550000008,100,6,6,7.492198555343815,2.76260589500704,2.76260589500704,27.492198555343816,90.0,90.0,90.68532380239844,False,True,2.0,1.0,1.0,4.0,2.0,1.0,1.0,2.0,1.0,1.0,0,0,0
Fe,mp-1271068,0.0170698550000008,110,6,6,5.917210669352169,2.4526872200000005,3.930210325,25.91721066935217,90.00000000000001,91.90679904642072,90.0,False,True,3.0,0.0,1.0,4.0,3.0,0.0,1.0,3.0,0.0,1.0,0,0,0
Fe,mp-1271068,0.0170698550000008,111,6,6,10.137432647943164,2.4526872200000005,2.471226389344366,30.137432647943164,89.5880633407703,89.02505437153745,68.2569300383299,False,True,2.0,2.0,1.0,5.0,2.0,2.0,1.0,2.0,2.0,1.0,0,0,0
Fe,mp-1271198,0.0549920349999997,100,6,10,10.14726666813456,2.6469528186133098,4.273092919999999,30.147266668134563,90.0,90.99492749093314,90.0,False,True,3.0,0.0,1.0,4.0,,,,,,,0,0,0
Fe,mp-1271198,0.0549920349999997,110,6,12,9.778488657599942,2.64695281861331,4.908497957537407,29.778488657599944,95.15555251696232,90.9247111740766,77.09596922187372,False,False,,,,,,,,,,,0,0,1
Fe,mp-1271198,0.0549920349999997,111,6,11,6.457461748229342,4.908497957537408,4.31779485418772,26.457461748229345,90.346817095896,94.67621409653928,65.65869705918232,False,False,,,,,,,,,,,1,0,0
Fe,mp-136,0.0978059200000007,100,6,12,11.23457346923077,2.4341575850000003,3.84193447,31.23457346923077,90.0,92.20422750397202,90.0,False,True,3.0,2.0,2.0,7.0,3.0,2.0,2.0,3.0,2.0,2.0,0,0,0
Fe,mp-136,0.0978059200000007,110,6,12,6.085393962500007,3.84193447,4.216084610849158,26.085393962500003,90.0,90.0,90.0,False,True,3.0,1.0,1.0,5.0,3.0,1.0,1.0,3.0,1.0,1.0,0,0,0
Fe,mp-136,0.0978059200000007,111,6,12,6.309089207284231,4.216084610849158,4.548140677286401,26.309089207284234,94.79382342150991,93.84296705034949,62.38710936458585,False,True,6.0,2.0,2.0,10.0,6.0,2.0,2.0,6.0,2.0,2.0,0,0,0
Co,mp-102,0.0,100,6,6,8.783286177979898,2.484288487020664,2.484288487020664,28.783286177979896,90.0,90.0,90.0,False,True,2.0,0.0,1.0,3.0,2.0,0.0,1.0,2.0,0.0,1.0,0,0,0
Co,mp-102,0.0,110,6,6,6.210721217551663,2.484288487020664,3.51331447119196,26.21072121755166,90.0,90.0,90.0,False,True,3.0,0.0,1.0,4.0,3.0,0.0,1.0,3.0,0.0,1.0,0,0,0
Co,mp-102,0.0,111,6,6,10.142065278452424,2.484288487020664,2.484288487020664,30.142065278452424,90.0,90.0,120.0,False,True,1.0,2.0,1.0,4.0,1.0,2.0,1.0,1.0,2.0,1.0,0,0,0
Co,mp-1271142,0.0101449274999989,100,6,12,11.47830807692308,2.48696675,4.063289504999999,31.47830807692308,90.0,87.79577249602796,90.0,False,False,,,,,0.0,0.0,0.0,0.0,0.0,0.0,0,0,1
Co,mp-1271142,0.0101449274999989,110,6,12,6.217416874999998,4.063289504999999,4.307552767734446,26.217416875,90.0,90.0,90.0,False,True,3.0,1.0,1.0,5.0,0.0,1.0,1.0,0.0,1.0,0.0,1,0,0
Co,mp-1271142,0.0101449274999989,111,6,12,6.511717336715675,4.307552767734446,4.76396108475381,26.51171733671568,91.59031715425526,90.0,63.12164273003477,False,True,6.0,2.0,2.0,10.0,0.0,2.0,2.0,0.0,1.0,1.0,1,1,0
Co,mp-1183710,0.0106160199999987,100,6,16,7.8450872980293,2.47056178,8.0882338,27.845087298029306,90.0,90.0,90.0,False,False,,,,,,,,,,,0,0,1
Co,mp-1183710,0.0106160199999987,110,6,24,6.17640445,4.279138526197802,8.0882338,26.17640445,90.0,90.0,90.0,False,False,,,,,,,,,,,1,0,0
Co,mp-1183710,0.0106160199999987,111,6,21,6.17640445,4.279138526197802,8.457139085545371,26.176404450000003,98.39887961435788,90.0,75.34550069255197,True,,,,,,,,,,,,0,0,0
Co,mp-54,0.0250989249999999,100,6,12,11.409230330769232,2.471999905,4.02114408,31.40923033076924,90.0,87.79577249602796,90.0,False,True,3.0,2.0,2.0,7.0,3.0,2.0,2.0,0.0,0.0,0.0,6,0,1
Co,mp-54,0.0250989249999999,110,6,12,6.179999762500007,4.02114408,4.281629431765438,26.179999762500003,90.0,90.0,90.0,False,True,3.0,1.0,1.0,5.0,3.0,1.0,1.0,3.0,0.0,0.0,1,1,0
Co,mp-54,0.0250989249999999,111,6,12,6.490777801322286,4.281629431765438,4.720210084566053,26.490777801322288,91.7085630685976,90.0,63.02882062260299,False,True,6.0,2.0,2.0,10.0,6.0,2.0,2.0,0.0,1.0,0.0,5,4,0
Co,mp-2647057,0.0895657349999989,100,6,6,7.011600004805352,2.8046400019221416,2.8046400019221416,27.011600004805352,90.0,90.0,90.0,False,True,2.0,0.0,1.0,3.0,2.0,0.0,1.0,2.0,0.0,1.0,0,0,0
Co,mp-2647057,0.0895657349999989,110,6,6,9.915899820730996,2.4288894901346114,2.4288894901346114,29.915899820731,90.0,90.0,109.47122063449068,False,True,2.0,1.0,1.0,4.0,2.0,1.0,1.0,2.0,1.0,1.0,0,0,0
Co,mp-2647057,0.0895657349999989,111,6,9,6.559319070440623,3.966359928292396,3.966359928292396,26.559319070440623,90.0,94.99327572360018,60.00000000000001,False,True,5.0,0.0,2.0,7.0,5.0,0.0,2.0,4.0,0.0,1.0,2,0,0
Ni,mp-23,0.0,100,6,6,8.687864670817754,2.457299209106507,2.457299209106507,28.68786467081776,90.0,90.0,90.0,False,True,2.0,0.0,1.0,3.0,2.0,0.0,1.0,2.0,0.0,1.0,0,0,0
Ni,mp-23,0.0,110,6,6,6.143248022766269,2.457299209106507,3.4751458683271026,26.14324802276627,90.0,90.0,90.0,False,True,3.0,0.0,1.0,4.0,3.0,0.0,1.0,3.0,0.0,1.0,0,0,0
Ni,mp-23,0.0,111,6,6,10.031882012759343,2.457299209106507,2.457299209106508,30.031882012759347,90.0,90.0,120.0,False,True,1.0,2.0,1.0,4.0,1.0,2.0,1.0,1.0,2.0,1.0,0,0,0
Ni,mp-10257,0.0458352900000011,100,6,12,11.298567230769224,2.4480229,4.07280757,31.298567230769223,90.0,87.79577249602796,90.0,False,False,,,,,0.0,0.0,0.0,0.0,0.0,0.0,1,0,0
Ni,mp-10257,0.0458352900000011,110,6,12,6.120057250000002,4.07280757,4.240100040892105,26.12005725,90.0,90.0,90.0,False,True,3.0,1.0,1.0,5.0,3.0,1.0,1.0,3.0,1.0,1.0,0,0,0
Ni,mp-10257,0.0458352900000011,111,6,12,6.470772148649276,4.240100040892105,4.751902526480706,26.470772148649274,89.9183041036652,86.16972979204927,63.503213195109645,False,True,6.0,4.0,2.0,12.0,6.0,4.0,2.0,1.0,4.0,2.0,0,5,0
Cu,mp-30,0.0,100,6,6,8.943576675827051,2.5296254862156604,2.5296254862156604,28.943576675827053,90.0,90.0,90.0,False,True,2.0,0.0,1.0,3.0,2.0,0.0,1.0,2.0,0.0,1.0,0,0,0
Cu,mp-30,0.0,110,6,6,6.324063715539152,2.5296254862156604,3.577430670330822,26.32406371553915,90.0,90.0,90.0,False,True,3.0,0.0,1.0,4.0,3.0,0.0,1.0,3.0,0.0,1.0,0,0,0
Cu,mp-30,0.0,111,6,6,10.327152802613616,2.5296254862156604,2.5296254862156604,30.32715280261361,90.0,89.99999999999999,120.0,False,True,1.0,2.0,1.0,4.0,1.0,2.0,1.0,1.0,2.0,1.0,0,0,0
Cu,mp-989695,0.0077165399999987,100,6,16,8.036255100990438,2.530764025,8.26181508,28.03625510099044,90.0,90.0,90.0,False,,,,,,,,,,,,0,0,0
Cu,mp-989695,0.0077165399999987,110,6,24,6.326910062500001,4.383411873267512,8.26181508,26.3269100625,90.0,90.0,90.0,False,,,,,,,,,,,,0,0,0
Cu,mp-989695,0.0077165399999987,111,6,21,6.3269100625,4.383411873267512,8.640738103099162,26.3269100625,98.42089197723386,90.0,75.30651244529872,True,,,,,,,,,,,,0,0,0
Cu,mp-989782,0.0123399349999999,100,6,12,11.695830784615389,2.53409667,4.112571,31.69583078461539,90.0,92.20422750397202,90.0,False,True,3.0,2.0,2.0,7.0,3.0,2.0,2.0,3.0,2.0,2.0,0,0,0
Cu,mp-989782,0.0123399349999999,110,6,12,6.335241674999999,4.112571,4.389184183731103,26.335241675,90.0,90.0,90.0,False,True,3.0,1.0,1.0,5.0,3.0,1.0,1.0,3.0,1.0,1.0,0,0,0
Cu,mp-989782,0.0123399349999999,111,6,12,6.652379365519478,4.389184183731103,4.830619645857669,26.65237936551948,91.77118374875408,90.0,62.97954226437552,False,True,6.0,2.0,2.0,10.0,6.0,2.0,2.0,6.0,2.0,2.0,0,0,0
Cu,mp-998890,0.0330661799999987,100,6,6,7.102780138833879,2.8411120555335496,2.8411120555335496,27.10278013883388,90.0,90.0,90.0,False,True,2.0,0.0,1.0,3.0,,,,,,,0,0,0
Cu,mp-998890,0.0330661799999987,110,6,6,10.033705627857548,2.4604752150902782,2.4604752150902782,30.03370562785755,91.55785576696408,91.55785576696408,109.47122063449068,False,True,2.0,1.0,1.0,4.0,,,,,,,0,0,0
Cu,mp-998890,0.0330661799999987,111,6,9,6.626736895447769,4.017939201157248,4.017939201157248,26.62673689544777,90.0,93.5020769890544,60.00000000000001,False,True,5.0,0.0,2.0,7.0,,,,,,,0,0,0
Cu,mp-1010136,0.03556281,100,6,6,7.253640556786122,2.901456222714449,2.7244655025346187,27.25364055678612,90.0,90.0,90.0,False,True,3.0,0.0,1.0,4.0,,,,,,,0,0,0
Cu,mp-1010136,0.03556281,110,6,6,10.308401803505369,2.462702209929065,2.4627022099290645,30.30840180350537,91.40164923856815,91.40164923856815,112.83384169780848,False,True,2.0,1.0,1.0,4.0,,,,,,,0,0,0
Cu,mp-1010136,0.03556281,111,6,8,6.0439300160977805,4.103278740794583,3.980095537399776,26.043930016097782,93.0556948913404,93.58046216608156,58.97079639596832,False,True,6.0,2.0,2.0,10.0,,,,,,,0,0,0
Zn,mp-79,0.0,100,6,12,12.075210674308288,2.6143597999999995,4.87316102,32.07521067430829,90.0,90.0,90.0,False,True,3.0,2.0,2.0,7.0,3.0,2.0,2.0,3.0,2.0,2.0,0,0,0
Zn,mp-79,0.0,110,6,12,6.535899499999999,4.87316102,4.528204002865608,26.5358995,90.0,90.0,90.0,False,True,3.0,1.0,1.0,5.0,3.0,1.0,1.0,3.0,1.0,1.0,0,0,0
Zn,mp-79,0.0,111,6,12,6.972151487783613,4.528204002865608,5.530151488947064,26.972151487783616,86.61887258500595,90.00000000000001,65.83219224928146,False,True,6.0,4.0,2.0,12.0,6.0,4.0,2.0,6.0,4.0,2.0,0,0,0
Zn,mp-2646972,0.0052053799999995,100,6,6,9.823880013346075,2.77861287,2.7786128699999995,29.82388001334608,90.0,90.0,90.0,False,True,2.0,0.0,1.0,3.0,2.0,0.0,1.0,2.0,0.0,1.0,0,0,0
Zn,mp-2646972,0.0052053799999995,110,6,6,6.946532175,2.7786128699999995,3.929552005338429,26.946532175,90.0,90.0,90.0,False,True,3.0,0.0,1.0,4.0,3.0,0.0,1.0,3.0,0.0,1.0,0,0,0
Zn,mp-2646972,0.0052053799999995,111,6,6,11.343639540383878,2.7786128699999995,2.7786128699999995,31.34363954038388,90.0,90.0,120.0,False,True,1.0,2.0,1.0,4.0,1.0,2.0,1.0,1.0,2.0,1.0,0,0,0
Zn,mp-1187812,0.0074020949999997,100,6,9,5.691798549362609,2.6169740191368165,7.471915510000002,25.69179854936261,88.69387001874249,90.0,90.0,False,True,7.0,4.0,3.0,14.0,,,,,,,0,0,0
Zn,mp-1187812,0.0074020949999997,110,6,16,11.333183545208358,2.61853665,7.447528959259888,31.33318354520836,96.12417116095143,90.0394850751168,99.58268290904894,False,True,2.0,2.0,1.0,5.0,,,,,,,0,0,0
Zn,mp-1187812,0.0074020949999997,111,6,14,8.73050956183889,2.61853665,7.91694855391998,28.73050956183889,82.68251488060692,87.369839686134,89.48590617270044,False,True,7.0,6.0,3.0,16.0,,,,,,,0,0,0
Zn,mp-2647117,0.0716624299999999,100,6,6,7.845184991903149,3.1380739967612583,3.1380739967612583,27.845184991903142,90.0,90.0,90.0,False,,,,,,,,,,,,0,0,0
Zn,mp-2647117,0.0716624299999999,110,6,6,11.094767014875291,2.717651800150616,2.717651800150616,31.09476701487529,90.0,90.0,109.47122063449068,False,,,,,,,,,,,,0,0,0
Zn,mp-2647117,0.0716624299999999,111,6,6,4.529419666917693,4.437906805950115,4.437906805950115,24.529419666917693,90.0,90.00000000000001,60.00000000000001,False,,,,,,,,,,,,0,0,0
Al,mp-134,0.0,100,6,6,10.09732423597472,2.8559545756388007,2.8559545756388007,30.09732423597472,90.0,90.0,90.0,False,True,2.0,0.0,1.0,3.0,2.0,0.0,1.0,2.0,0.0,1.0,0,0,0
Al,mp-134,0.0,110,6,6,7.139886439097001,2.8559545756388003,4.038929694389889,27.139886439097,90.0,90.0,90.0,False,True,3.0,0.0,1.0,4.0,3.0,0.0,1.0,3.0,0.0,1.0,0,0,0
Al,mp-134,0.0,111,6,6,11.659385731469875,2.8559545756388003,2.8559545756388007,31.659385731469875,90.0,90.00000000000001,120.0,False,True,1.0,2.0,1.0,4.0,1.0,2.0,1.0,1.0,2.0,1.0,0,0,0
Al,mp-1183144,0.0104807275,100,6,16,8.977175247719561,2.827077025,9.18599307,28.97717524771956,90.0,90.0,90.0,False,,,,,,,,,,,,0,0,0
Al,mp-1183144,0.0104807275,110,6,24,7.408954943881023,4.896641044210669,9.18599307,27.408954943881024,90.0,95.20871910285511,90.0,False,,,,,,,,,,,,0,0,0
Al,mp-1183144,0.0104807275,111,6,21,6.964417647248165,4.896641044210669,9.611182715325462,26.96441764724817,97.08483998063522,84.79128089714489,75.2420187943375,True,,,,,,,,,,,,0,0,0
Al,mp-2647008,0.032078225,100,6,12,12.990174827250424,2.81245535,4.86685,32.99017482725043,90.0,90.0,90.0,False,True,3.0,2.0,2.0,7.0,3.0,2.0,2.0,3.0,2.0,2.0,0,0,0
Al,mp-2647008,0.032078225,110,6,12,7.223223028537964,4.86685,4.8713155602189095,27.22322302853797,84.79128089714489,90.0,90.0,False,True,3.0,1.0,1.0,5.0,3.0,1.0,1.0,3.0,1.0,1.0,0,0,0
Al,mp-2647008,0.032078225,111,6,10,6.123519404359442,4.8713155602189095,5.621043854858599,26.12351940435944,85.56870916943323,90.0,64.32215783010662,False,True,6.0,4.0,2.0,12.0,6.0,4.0,2.0,6.0,4.0,2.0,0,0,0
Si,mp-149,0.0,100,6,6,6.804627963367338,3.84927886107892,3.84927886107892,26.80462796336733,90.0,90.0,90.0,False,True,3.0,0.0,1.0,4.0,3.0,0.0,1.0,3.0,0.0,1.0,0,0,0
Si,mp-149,0.0,110,6,12,9.623197152697305,3.84927886107892,5.443702370693869,29.623197152697305,90.0,90.0,90.0,False,True,3.0,1.0,1.0,5.0,3.0,1.0,1.0,3.0,1.0,1.0,0,0,0
Si,mp-149,0.0,111,6,9,12.40323188569875,3.84927886107892,3.8492788610789193,32.403231885698744,86.8152614632796,86.8152614632796,60.00000000000001,False,True,5.0,0.0,2.0,7.0,5.0,0.0,2.0,5.0,0.0,2.0,0,0,0
Si,mp-165,0.01360687,100,6,12,7.83180840629335,3.831317465,6.332622,27.83180840629335,90.0,93.00449159888308,90.0,False,True,5.0,0.0,1.0,6.0,0.0,0.0,1.0,0.0,0.0,1.0,0,0,0
Si,mp-165,0.01360687,110,6,24,9.865279410275756,6.332622,6.636036509305993,29.86527941027576,95.81752564444358,90.0,90.0,False,True,10.0,4.0,2.0,16.0,0.0,4.0,2.0,0.0,4.0,2.0,0,0,0
Si,mp-165,0.01360687,111,5,15,6.863493705646111,6.636036509305993,7.401425194683657,26.86349370564612,94.6089019919124,90.0,63.36568620061728,True,,,,,,0.0,0.0,0.0,0.0,0.0,0.0,0,0,0
Si,mp-1079297,0.08220610625,100,6,12,9.115817613843443,3.84593083,6.33300792,29.115817613843447,87.99733351707846,90.0,90.0,False,True,4.0,2.0,2.0,8.0,0.0,2.0,2.0,0.0,2.0,2.0,0,0,0
Si,mp-1079297,0.08220610625,110,6,16,6.872592211843067,6.33300792,7.176688840482629,26.872592211843067,93.59960519724235,91.39836588062708,96.5240309160715,True,,,,,,0.0,0.0,0.0,0.0,0.0,0.0,0,0,0
Si,mp-1079297,0.08220610625,111,6,17,6.500218424563283,7.176688840482629,7.409330149475539,26.50021842456329,90.93893462759242,95.32176781303583,92.40522842636992,True,,,,,,0.0,0.0,0.0,0.0,0.0,0.0,0,0,0
Si,mp-1203790,0.084393196617646,100,6,55,6.759382743508935,10.366628355,16.97027249,26.759382743508937,90.0,90.0,90.0,False,,,,,,,,,,,,0,0,0
Si,mp-1203790,0.084393196617646,110,6,88,5.183314177500003,16.97027249,17.95552701404417,25.1833141775,90.0,90.0,90.0,False,,,,,,,,,,,,0,0,0
Si,mp-1203790,0.084393196617646,111,6,48,5.547078430493649,17.95552701404417,19.886103988351785,25.54707843049365,83.45962372614058,106.1619887849253,63.16266020728565,True,,,,,,,,,,,,0,0,0
Si,mp-971662,0.091849948260868,100,6,32,6.443013946699427,10.180460070000002,10.180460070000002,26.44301394669943,90.0,90.0,90.0,False,,,,,,,,,,,,0,0,0
Si,mp-971662,0.091849948260868,110,6,46,6.355566940764637,10.180460070000002,14.39734470219175,26.35556694076464,90.0,90.0,90.0,False,,,,,,,,,,,,0,0,0
Si,mp-971662,0.091849948260868,111,6,37,5.99242942034361,14.397344702191749,14.397344702191752,25.99242942034361,90.0,73.22134511903965,60.00000000000001,True,,,,,,,,,,,,0,0,0
Ga,mp-142,0.0,100,6,24,11.080116652307858,4.55550353,7.597983681293973,31.08011665230785,90.0,90.0,90.0,False,True,4.0,1.0,1.0,6.0,4.0,1.0,1.0,3.0,1.0,1.0,0,1,0
Ga,mp-142,0.0,110,6,12,10.292006877821994,4.398078945000005,4.55550353,30.292006877822,90.00000000000001,90.51031894769145,90.0,False,True,6.0,4.0,2.0,12.0,6.0,4.0,2.0,6.0,4.0,2.0,0,0,0
Ga,mp-142,0.0,111,6,11,7.560026749049799,4.398078945000005,6.332117404020146,27.5600267490498,84.0811903128191,85.07051114986415,70.00742502511207,False,True,6.0,4.0,2.0,12.0,6.0,4.0,2.0,1.0,2.0,2.0,0,7,0
Ga,mp-10021,0.083391994999999,100,6,11,13.125855324446484,3.28160879,4.210354750000005,33.12585532444648,86.39156089313734,90.0,90.0,False,True,12.0,6.0,4.0,22.0,12.0,6.0,4.0,11.0,6.0,4.0,0,0,1
Ga,mp-10021,0.083391994999999,110,6,11,10.291481546589528,4.2103547500000005,4.2998355207189976,30.291481546589527,88.87459452058809,89.17827892221376,78.10151203097837,False,True,3.0,2.0,1.0,6.0,3.0,2.0,1.0,3.0,2.0,1.0,0,0,0
Ga,mp-10021,0.083391994999999,111,6,12,8.91939757954618,4.299835520718995,5.338168540937311,28.91939757954617,90.8164641768459,91.87455254149474,107.85149199374015,False,True,6.0,4.0,2.0,12.0,6.0,4.0,2.0,5.0,4.0,2.0,0,0,1
Ge,mp-32,0.0,100,6,6,7.093567770146901,4.01272789846177,4.01272789846177,27.0935677701469,90.0,90.0,90.0,False,True,3.0,0.0,1.0,4.0,3.0,0.0,1.0,3.0,0.0,1.0,0,0,0
Ge,mp-32,0.0,110,6,12,10.031819746154437,4.01272789846177,5.674854216117523,30.03181974615444,90.0,90.0,90.0,False,True,3.0,1.0,1.0,5.0,3.0,1.0,1.0,3.0,1.0,1.0,0,0,0
Ge,mp-32,0.0,111,6,9,12.9299010061546,4.01272789846177,4.01272789846177,32.929901006154594,86.8152614632796,86.8152614632796,60.00000000000001,False,True,2.0,2.0,1.0,5.0,2.0,2.0,1.0,2.0,2.0,1.0,0,0,0
Ga,mp-567540,0.081974897,100,6,30,6.619356768261888,5.11066719,13.518602605962442,26.619356768261888,90.0,90.0,90.0,False,False,,,,,,,,,,,0,0,1
Ga,mp-567540,0.081974897,110,6,17,6.776965100422533,5.11066719,8.581024125000015,26.776965100422533,92.41623774995588,90.0,90.0,False,True,7.0,4.0,3.0,14.0,,,,,,,0,0,0
Ga,mp-567540,0.081974897,111,6,30,6.559136264925344,8.581024125000015,9.987637065931802,26.559136264925343,91.5421937919993,96.75819081222508,101.94767725744346,False,False,,,,,,,,,,,0,1,0
Ge,mp-1091415,0.006874353749999,100,6,16,5.894266940276264,4.00310404,13.15670686,25.894266940276264,90.0,93.67049650831513,90.0,False,,,,,,,,,,,,0,0,0
Ge,mp-1091415,0.006874353749999,110,6,48,10.604481659355596,6.933579585264235,13.15670686,30.6044816593556,90.0,96.58677555362944,90.0,False,,,,,,,,,,,,0,0,0
Ge,mp-1091415,0.006874353749999,111,6,48,10.541877506708966,6.933579585264235,13.752228086933236,30.54187750670897,99.80794697873051,95.81752564444358,75.39881825586106,True,,,,,,,,,,,,0,0,0
Ge,mp-1007760,0.016676869999999,100,6,12,7.933495492294501,3.997585844999998,6.59937795,27.933495492294497,90.0,93.67049650831513,90.0,False,,,,,,,,,,,,0,0,0
Ge,mp-1007760,0.016676869999999,110,6,24,10.29340473290388,6.59937795,6.924021791158163,30.29340473290388,95.81752564444358,90.0,90.0,False,,,,,,,,,,,,0,0,0
Ge,mp-1007760,0.016676869999999,111,5,15,7.163337817057744,6.924021791158163,7.715729512825765,27.163337817057744,94.63755319281354,90.0,63.33999907002927,True,,,,,,,,,,,,0,0,0
Ge,mp-1198022,0.043253197058822,100,6,34,6.817716414423369,10.78375667,10.78375667,26.81771641442337,90.0,90.0,90.0,False,True,10.0,4.0,2.0,16.0,4.0,3.0,2.0,4.0,3.0,2.0,0,0,0
Ge,mp-1198022,0.043253197058822,110,6,44,5.391878335000008,10.78375667,15.250534936045325,25.391878335000005,90.0,90.0,90.0,False,True,12.0,5.0,3.0,20.0,4.0,3.0,2.0,1.0,3.0,2.0,0,3,0
Ge,mp-1198022,0.043253197058822,111,6,28,5.786930387144999,10.78375667,10.783756669999995,25.786930387145,83.03472271882117,83.03472271882117,59.99999999999999,False,True,13.0,4.0,5.0,22.0,0.0,3.0,3.0,0.0,3.0,3.0,0,0,0
Y,mp-112,0.0,100,6,6,7.445978003576597,3.64256939,5.87915835,27.4459780035766,90.0,93.00449159888308,90.0,False,True,3.0,0.0,1.0,4.0,3.0,0.0,1.0,3.0,0.0,1.0,0,0,0
Y,mp-112,0.0,110,6,12,9.379271003236402,5.87915835,6.309115253575173,29.379271003236404,95.81752564444358,90.0,90.0,False,True,4.0,2.0,2.0,8.0,4.0,2.0,2.0,4.0,2.0,2.0,0,0,0
Y,mp-112,0.0,111,6,10,7.855849589315818,6.309115253575173,6.916127143520404,27.855849589315817,85.76324647375436,90.0,62.86322451829637,False,True,6.0,2.0,2.0,10.0,6.0,2.0,2.0,3.0,2.0,2.0,0,3,0
Y,mp-1187739,0.0426203866666661,100,6,9,7.857236944000528,3.652104497131802,8.97629171,27.85723694400053,89.89666912024502,90.0,90.0,False,True,3.0,0.0,1.0,4.0,0.0,0.0,1.0,0.0,0.0,1.0,0,0,0
Y,mp-1187739,0.0426203866666661,110,6,8,7.465671351019148,3.64944069,8.976291710000007,27.46567135101915,96.11827997311612,93.05118457964608,101.73888566000008,False,True,6.0,4.0,2.0,12.0,0.0,2.0,1.0,0.0,2.0,1.0,0,0,0
Y,mp-1187739,0.0426203866666661,111,6,10,8.977672050767879,3.64944069,9.690803894465372,28.97767205076788,94.79891862346533,89.95037508077012,89.99324718656908,True,,,,,,0.0,0.0,0.0,0.0,0.0,0.0,0,0,0
Y,mp-1187717,0.0437545249999971,100,6,8,5.154872115220583,3.64254414,11.84413035,25.15487211522058,90.0,86.99550840111694,90.0,False,,,,,,,,,,,,0,0,0
Y,mp-1187717,0.0437545249999971,110,6,24,9.592369759308216,6.309071519292284,11.84413035,29.592369759308216,90.0,95.81752564444358,90.0,False,,,,,,,,,,,,0,0,0
Y,mp-1187717,0.0437545249999971,111,6,21,9.106360350000006,6.3090715192922815,12.391591970349872,29.106360350000006,98.4517472352126,90.0,75.25185369991921,True,,,,,,,,,,,,0,0,0
Y,mp-9,0.0978180000000001,100,6,6,12.759955306652367,3.609060369988463,3.609060369988463,32.759955306652365,90.0,90.0,90.0,False,True,2.0,0.0,1.0,3.0,2.0,0.0,1.0,2.0,0.0,1.0,0,0,0
Y,mp-9,0.0978180000000001,110,6,6,9.022650924971156,3.609060369988464,5.103982122660945,29.02265092497116,90.0,90.0,90.0,False,True,3.0,0.0,1.0,4.0,3.0,0.0,1.0,3.0,0.0,1.0,0,0,0
Y,mp-9,0.0978180000000001,111,6,6,14.837248187730347,3.609060369988463,3.609060369988463,34.83724818773035,86.8152614632796,86.8152614632796,60.00000000000001,False,True,2.0,2.0,1.0,5.0,2.0,2.0,1.0,2.0,2.0,1.0,0,0,0
Zr,mp-131,0.0,100,6,6,6.545598952962095,3.239231415,5.17222,26.54559895296209,90.0,90.0,90.0,False,True,3.0,2.0,2.0,7.0,3.0,2.0,2.0,3.0,2.0,2.0,0,0,0
Zr,mp-131,0.0,110,6,12,8.0980785375,5.17222,5.610513388253227,28.0980785375,90.0,90.0,90.0,False,True,3.0,1.0,1.0,5.0,3.0,1.0,1.0,3.0,1.0,1.0,0,0,0
Zr,mp-131,0.0,111,6,11,7.63187058595407,5.610513388253227,6.102825565942624,27.63187058595407,88.0915752152206,90.00000000000001,62.63449272905474,False,True,6.0,2.0,2.0,10.0,6.0,2.0,2.0,3.0,2.0,2.0,0,3,0
Zr,mp-1077723,0.0089095716666669,100,6,18,7.7702413891431235,5.43104158,8.336112344147178,27.770241389143123,90.0,89.95003140344906,90.0,False,,,,,,,,,,,,0,0,0
Zr,mp-1077723,0.0089095716666669,110,6,16,12.488607331494118,5.43104158,5.863904477059206,32.48860733149412,88.0946010886685,89.96107443746351,62.44312979505812,False,,,,,,,,,,,,0,0,0
Zr,mp-1077723,0.0089095716666669,111,6,18,6.251525485518513,5.863904477059206,9.66169594560125,26.25152548551852,85.98416682824842,89.43748618544029,75.30349366829687,False,,,,,,,,,,,,0,0,0
Zr,mp-8635,0.0569821349999983,100,6,6,11.323101357635778,3.2026567016187446,3.2026567016187446,31.32310135763577,90.0,90.0,90.0,False,True,2.0,0.0,1.0,3.0,2.0,0.0,1.0,2.0,0.0,1.0,0,0,0
Zr,mp-8635,0.0569821349999983,110,6,6,8.006641754046859,3.2026567016187446,4.529240543054312,28.00664175404686,90.0,90.00000000000001,90.0,False,True,3.0,0.0,1.0,4.0,3.0,0.0,1.0,3.0,0.0,1.0,0,0,0
Zr,mp-8635,0.0569821349999983,111,6,6,13.074791233784865,3.2026567016187446,3.202656701618745,33.074791233784865,90.0,90.00000000000001,120.0,False,True,1.0,2.0,1.0,4.0,1.0,2.0,1.0,1.0,2.0,1.0,0,0,0
Nb,mp-75,0.0,100,6,6,8.29408094692004,3.317632378768019,3.317632378768019,28.29408094692004,90.0,90.0,90.0,False,True,2.0,0.0,1.0,3.0,2.0,0.0,1.0,2.0,0.0,1.0,0,0,0
Nb,mp-75,0.0,110,6,6,11.729601762554612,2.873153920430901,2.8731539204309007,31.72960176255461,90.0,90.0,109.47122063449068,False,True,2.0,1.0,1.0,4.0,2.0,1.0,1.0,2.0,1.0,1.0,0,0,0
Nb,mp-75,0.0,111,6,9,7.4107996888315135,4.691840705021845,4.691840705021847,27.41079968883152,85.882860523473,85.882860523473,60.00000000000001,False,True,5.0,0.0,2.0,7.0,5.0,0.0,2.0,5.0,0.0,2.0,0,0,0
Nb,mp-1104341,0.0232133514285735,100,6,16,6.403352517069308,4.67200266,9.95310400999999,26.403352517069308,85.62437262,88.02595985999997,78.86128322,False,True,9.0,4.0,3.0,16.0,0.0,4.0,3.0,0.0,3.0,3.0,0,1,0
Nb,mp-1104341,0.0232133514285735,110,6,18,5.695281757745663,5.35417533377185,9.95310401,25.69528175774566,97.17061633595702,88.17149610829094,82.59158535060044,False,True,21.0,8.0,7.0,36.0,0.0,8.0,7.0,0.0,7.0,7.0,0,1,0
Nb,mp-1104341,0.0232133514285735,111,6,19,6.80733101316447,5.35417533377185,10.127941207142076,26.80733101316447,93.67328227109824,86.02018038952038,74.8647438247599,True,,,,,,0.0,0.0,0.0,0.0,0.0,0.0,0,0,0
Mo,mp-129,0.0,100,6,6,7.919044861941275,3.167617944776512,3.167617944776512,27.91904486194128,90.0,90.0,90.0,False,True,2.0,0.0,1.0,3.0,2.0,0.0,1.0,2.0,0.0,1.0,0,0,0
Mo,mp-129,0.0,110,6,6,11.199220644798327,2.743237609659912,2.743237609659912,31.19922064479833,90.0,90.0,109.47122063449068,False,True,2.0,1.0,1.0,4.0,2.0,1.0,1.0,2.0,1.0,1.0,0,0,0
Mo,mp-129,0.0,111,6,9,7.075703212241992,4.479688257919332,4.4796882579193325,27.07570321224199,85.882860523473,85.882860523473,60.00000000000001,False,True,5.0,0.0,2.0,7.0,5.0,0.0,2.0,5.0,0.0,2.0,0,0,0
Tc,mp-113,0.0,100,6,12,12.639723467886444,2.736580405,4.3949028,32.63972346788644,90.0,90.0,90.0,False,True,3.0,2.0,2.0,7.0,3.0,2.0,2.0,3.0,2.0,2.0,0,0,0
Tc,mp-113,0.0,110,6,12,7.0001026471605705,4.3949028,4.739896300457415,27.000102647160567,85.69338090449855,90.0,90.0,False,True,4.0,2.0,2.0,8.0,4.0,2.0,2.0,4.0,2.0,2.0,0,0,0
Tc,mp-113,0.0,111,6,12,7.183138068183329,4.739896300457415,5.177262107956074,27.183138068183325,90.90292202095692,90.0,62.75728355849766,False,True,6.0,4.0,2.0,12.0,6.0,4.0,2.0,4.0,4.0,1.0,0,3,0
Tc,mp-867351,0.0041490374999995,100,6,16,8.698621327481387,2.73935529,8.76968444,28.69862132748139,90.0,90.0,90.0,False,,,,,,,,,,,,0,0,0
Tc,mp-867351,0.0041490374999995,110,6,24,7.125966846082909,4.744702542262576,8.76968444,27.12596684608291,90.0,94.30661909550145,90.0,False,,,,,,,,,,,,0,0,0
Tc,mp-867351,0.0041490374999995,111,6,23,7.278035587519563,4.744702542262576,9.187569459983914,27.278035587519565,82.90071580946194,90.0,75.03593670627914,False,,,,,,,,,,,,0,0,0
Tc,mp-8638,0.0734422500000029,100,6,6,9.638667428397902,2.7262268400888217,2.7262268400888217,29.6386674283979,90.0,90.0,90.0,False,True,2.0,0.0,1.0,3.0,0.0,0.0,1.0,0.0,0.0,1.0,0,0,0
Tc,mp-8638,0.0734422500000029,110,6,6,6.815567100222049,2.7262268400888217,3.855466971359159,26.815567100222047,90.0,90.0,90.0,False,True,3.0,0.0,1.0,4.0,0.0,0.0,1.0,0.0,0.0,1.0,0,0,0
Tc,mp-8638,0.0734422500000029,111,6,6,11.19500261294989,2.7262268400888194,2.7262268400888217,31.19500261294989,87.49622545351538,87.49622545351538,59.99999999999999,False,True,1.0,2.0,1.0,4.0,0.0,0.0,1.0,0.0,0.0,1.0,0,0,0
Ru,mp-33,0.0,100,6,12,12.506914153636083,2.7078263449999995,4.26810178,32.50691415363609,90.0,90.0,90.0,False,True,3.0,2.0,2.0,7.0,3.0,2.0,2.0,3.0,2.0,2.0,0,0,0
Ru,mp-33,0.0,110,6,12,6.926550497494192,4.26810178,4.690092807613531,26.9265504974942,85.69338090449855,90.0,90.0,False,True,4.0,2.0,2.0,8.0,4.0,2.0,2.0,4.0,2.0,2.0,0,0,0
Ru,mp-33,0.0,111,6,12,7.095520696765556,4.690092807613531,5.054603477931303,27.09552069676556,91.42484269783652,89.99999999999999,62.35818290982664,False,True,6.0,2.0,2.0,10.0,6.0,2.0,2.0,5.0,2.0,2.0,0,1,0
Rh,mp-74,0.0,100,6,6,9.514930430086572,2.69122873185298,2.69122873185298,29.51493043008657,90.0,90.0,90.0,False,True,2.0,0.0,1.0,3.0,2.0,0.0,1.0,2.0,0.0,1.0,0,0,0
Rh,mp-74,0.0,110,6,6,6.72807182963245,2.69122873185298,3.805972172034629,26.728071829632448,90.0,90.0,90.0,False,True,3.0,0.0,1.0,4.0,3.0,0.0,1.0,3.0,0.0,1.0,0,0,0
Rh,mp-74,0.0,111,6,6,10.986895290262089,2.69122873185298,2.69122873185298,30.98689529026209,90.0,90.00000000000001,120.0,False,True,1.0,2.0,1.0,4.0,1.0,2.0,1.0,1.0,2.0,1.0,0,0,0
Rh,mp-1186916,0.0219524650000018,100,6,16,8.54743716108413,2.691744625,8.79807013,28.547437161084133,90.0,90.0,90.0,False,,,,,,,,,,,,0,0,0
Rh,mp-1186916,0.0219524650000018,110,6,24,7.002115799251392,4.662238451500435,8.79807013,27.0021157992514,90.0,85.69338090449855,90.0,False,,,,,,,,,,,,0,0,0
Rh,mp-1186916,0.0219524650000018,111,6,21,6.44110523441565,4.662238451500434,9.200626453596222,26.441105234415648,82.026622470792,85.85686960863387,75.32325857909579,True,,,,,,,,,,,,0,0,0
Rh,mp-2646993,0.0590146950000018,100,6,12,12.613851871161806,2.73097904,4.428489,32.613851871161806,90.0,90.0,90.0,False,True,3.0,2.0,2.0,7.0,3.0,2.0,2.0,3.0,2.0,2.0,0,0,0
Rh,mp-2646993,0.0590146950000018,110,6,12,6.985774498828961,4.428489,4.730194451685677,26.985774498828963,94.30661909550145,90.0,90.0,False,True,4.0,2.0,2.0,8.0,4.0,2.0,2.0,4.0,2.0,2.0,0,0,0
Rh,mp-2646993,0.0590146950000018,111,6,12,7.174931379401132,4.730194451685677,5.202860880327315,27.17493137940113,90.63198259177685,90.00000000000001,62.962324338433255,False,True,6.0,2.0,2.0,10.0,6.0,2.0,2.0,6.0,2.0,2.0,0,0,0
Pd,mp-2,0.0,100,6,6,9.793253940700613,2.7699505085405134,2.769950508540513,29.79325394070061,90.0,90.0,90.0,False,True,2.0,0.0,1.0,3.0,2.0,0.0,1.0,2.0,0.0,1.0,0,0,0
Pd,mp-2,0.0,110,6,6,6.924876271351284,2.769950508540513,3.917301576280245,26.924876271351287,90.0,90.0,90.0,False,True,3.0,0.0,1.0,4.0,3.0,0.0,1.0,3.0,0.0,1.0,0,0,0
Pd,mp-2,0.0,111,6,6,11.374549881492118,2.769950508540513,2.7699505085405143,31.374549881492115,87.49622545351538,87.49622545351538,59.99999999999999,False,True,1.0,2.0,1.0,4.0,1.0,2.0,1.0,1.0,2.0,1.0,0,0,0
Pd,mp-1186427,0.0150050624999984,100,6,16,8.772311481050933,2.76256167,9.11839409,28.772311481050927,90.0,90.0,90.0,False,True,5.0,2.0,2.0,9.0,0.0,2.0,0.0,0.0,2.0,0.0,0,0,0
Pd,mp-1186427,0.0150050624999984,110,6,24,7.186334296446608,4.784897171482326,9.11839409,27.186334296446606,90.0,94.30661909550145,90.0,False,True,7.0,4.0,3.0,14.0,0.0,4.0,0.0,0.0,4.0,0.0,0,0,0
Pd,mp-1186427,0.0150050624999984,111,6,23,7.282581297421292,4.784897171482326,9.527689004218177,27.28258129742129,82.17205791100744,90.0,75.45710092435834,True,,,,,,0.0,0.0,0.0,0.0,0.0,0.0,0,0,0
Pd,mp-2646997,0.022572985,100,6,12,12.857198104516018,2.783665045,4.628893,32.857198104516016,90.0,90.0,90.0,False,,,,,,,,,,,,0,0,0
Pd,mp-2646997,0.022572985,110,6,12,7.120543951389166,4.628893,4.821449289193505,27.120543951389163,85.69338090449855,90.0,90.0,False,,,,,,,,,,,,0,0,0
Pd,mp-2646997,0.022572985,111,6,12,7.331169396884505,4.821449289193505,5.401429578195374,27.331169396884505,89.92209137257709,90.0,63.492667841292736,True,,,,,,,,,,,,0,0,0
Pd,mp-2646977,0.0447650700000004,100,6,6,7.861405012631623,3.144562005052651,3.144562005052651,27.86140501263162,90.0,90.0,90.0,False,True,2.0,0.0,1.0,3.0,2.0,0.0,1.0,2.0,0.0,1.0,0,0,0
Pd,mp-2646977,0.0447650700000004,110,6,6,11.117705588171477,2.723270580150926,2.723270580150926,31.117705588171475,90.0,90.0,109.47122063449068,False,True,2.0,1.0,1.0,4.0,2.0,1.0,1.0,2.0,1.0,1.0,0,0,0
Pd,mp-2646977,0.0447650700000004,111,6,6,4.538784300251546,4.447082235268591,4.447082235268592,24.538784300251542,90.0,90.0,60.00000000000001,False,True,4.0,0.0,2.0,6.0,2.0,0.0,2.0,2.0,0.0,2.0,0,0,0
Ag,mp-8566,0.0,100,6,16,9.244083974057036,2.911131475,9.46370874,29.24408397405704,90.0,90.0,90.0,False,,,,,,,,,,,,0,0,0
Ag,mp-8566,0.0,110,6,24,7.598590219503293,5.042227622212927,9.46370874,27.598590219503293,90.0,94.71500395394824,90.0,False,,,,,,,,,,,,0,0,0
Ag,mp-8566,0.0,111,6,21,7.598590219503299,5.042227622212927,9.90133675724082,27.598590219503293,99.6389756194886,94.71500395394824,75.24871835509359,True,,,,,,,,,,,,0,0,0
Ag,mp-124,0.0021267149999992,100,6,6,10.260890897275631,2.902218213791567,2.902218213791567,30.26089089727563,90.0,90.0,90.0,False,True,2.0,0.0,1.0,3.0,2.0,0.0,1.0,2.0,0.0,1.0,0,0,0
Ag,mp-124,0.0021267149999992,110,6,6,7.255545534478916,2.902218213791566,4.104356358910253,27.25554553447892,90.0,90.0,90.0,False,True,3.0,0.0,1.0,4.0,2.0,0.0,1.0,2.0,0.0,1.0,0,0,0
Ag,mp-124,0.0021267149999992,111,6,6,11.917695185514642,2.902218213791567,2.902218213791566,31.91769518551465,87.49622545351538,87.49622545351538,59.99999999999999,False,True,2.0,2.0,1.0,5.0,2.0,2.0,1.0,2.0,2.0,1.0,0,0,0
Ag,mp-10597,0.0076686750000014,100,6,12,13.49752156105289,2.92229914,4.70166181,33.49752156105289,90.0,90.0,90.0,False,True,3.0,2.0,2.0,7.0,0.0,2.0,0.0,0.0,2.0,0.0,0,0,0
Ag,mp-10597,0.0076686750000014,110,6,12,7.489053705721469,4.70166181,5.061570585394835,27.489053705721467,94.71500395394824,90.0,90.0,False,True,4.0,2.0,2.0,8.0,0.0,2.0,0.0,0.0,2.0,0.0,0,0,0
Ag,mp-10597,0.0076686750000014,111,6,12,7.5838414251724675,5.061570585394835,5.535833816080212,27.58384142517247,92.260041068431,94.508938906208,62.79572768131012,False,True,6.0,2.0,2.0,10.0,0.0,2.0,0.0,0.0,2.0,0.0,0,0,0
Ag,mp-989737,0.0103816750000014,100,6,18,4.252320876640592,2.946094323370934,21.61395000358281,24.252320876640592,90.0,90.0,90.0,False,,,,,,,,,,,,0,0,0
Ag,mp-989737,0.0103816750000014,110,6,18,7.689849703988562,5.102785051968708,7.4027115906115615,27.689849703988564,88.91778689492715,85.28499604605182,76.71641080976674,False,,,,,,,,,,,,0,0,0
Ag,mp-989737,0.0103816750000014,111,6,46,7.829665153152,5.102785051968711,21.813809995495426,27.829665153152003,94.41119892325756,94.71500395394824,83.28318179705491,True,,,,,,,,,,,,0,0,0
Ag,mp-2646971,0.0343371633333333,100,6,6,8.27827000694058,3.3113080027762325,3.3113080027762325,28.27827000694058,90.0,90.0,90.0,False,True,2.0,0.0,1.0,3.0,1.0,0.0,1.0,1.0,0.0,1.0,0,0,0
Ag,mp-2646971,0.0343371633333333,110,6,6,11.707241716801782,2.86767685015893,2.86767685015893,31.707241716801786,90.0,90.0,109.47122063449068,False,True,2.0,1.0,1.0,4.0,1.0,1.0,1.0,1.0,1.0,1.0,0,0,0
Ag,mp-2646971,0.0343371633333333,111,6,9,7.396672540829236,4.6828966867207145,4.6828966867207145,27.39667254082924,89.99999999999999,94.117139476527,60.00000000000002,False,True,5.0,0.0,2.0,7.0,1.0,0.0,2.0,1.0,0.0,2.0,0,0,0
Cd,mp-94,0.0,100,6,6,5.97826681801206,2.95847482,5.88592793,25.97826681801206,90.0,90.0,90.0,False,True,3.0,2.0,2.0,7.0,2.0,2.0,2.0,2.0,2.0,2.0,0,0,0
Cd,mp-94,0.0,110,6,12,7.581762082715679,5.88592793,5.124228701153189,27.58176208271568,85.28499604605182,90.0,90.0,False,True,4.0,2.0,2.0,8.0,2.0,2.0,2.0,2.0,2.0,2.0,0,0,0
Cd,mp-94,0.0,111,6,11,7.254017167298388,5.124228701153189,6.587618754734378,27.254017167298382,92.6301671553976,90.00000000000001,67.11214027625323,False,True,6.0,4.0,2.0,12.0,2.0,3.0,2.0,2.0,1.0,0.0,0,4,0
Cd,mp-1183591,0.0223162000000023,100,6,8,4.464458579222422,3.093067635,10.43073696,24.464458579222423,90.0,90.0,90.0,False,,,,,,,,,,,,0,0,0
Cd,mp-1183591,0.0223162000000023,110,6,24,7.7326690875000015,5.357350295066906,10.43073696,27.7326690875,90.0,90.0,90.0,False,,,,,,,,,,,,0,0,0
Cd,mp-1183591,0.0223162000000023,111,6,21,8.073477162199683,5.357350295066906,10.879675589069487,28.073477162199683,99.3175508672462,94.71500395394824,75.74670089670411,True,,,,,,,,,,,,0,0,0
Cd,mp-1183542,0.0242843600000028,100,6,6,4.641979972776255,3.216058064226268,7.347862231916137,24.64197997277625,90.0,90.0,90.0,True,,,,,,,,,,,,0,0,0
Cd,mp-1183542,0.0242843600000028,110,6,6,8.040145160565668,3.073546048254072,4.448563226842238,28.04014516056567,90.0,90.0,93.758802440315,False,,,,,,,,,,,,0,0,0
Cd,mp-1183542,0.0242843600000028,111,6,12,5.494962447031268,5.570375967331507,8.020854621029759,25.49496244703127,87.14142803525804,84.93492010599138,69.68120490283643,True,,,,,,,,,,,,0,0,0
Cd,mp-1096861,0.0371204300000016,100,6,6,11.090748750620518,3.13693746,3.13693746,31.09074875062052,90.0,90.0,90.0,False,True,2.0,0.0,1.0,3.0,2.0,0.0,1.0,2.0,0.0,1.0,0,0,0
Cd,mp-1096861,0.0371204300000016,110,6,6,7.842343650000002,3.1369374599999995,4.436299500248208,27.842343650000004,90.0,90.0,90.0,False,True,3.0,0.0,1.0,4.0,3.0,0.0,1.0,3.0,0.0,1.0,0,0,0
Cd,mp-1096861,0.0371204300000016,111,6,6,12.806493553370528,3.1369374599999995,3.1369374600000004,32.80649355337052,90.0,90.0,120.0,False,True,1.0,2.0,1.0,4.0,1.0,2.0,1.0,1.0,2.0,1.0,0,0,0
Sn,mp-117,0.0,100,6,6,8.212467493697652,4.645673164054161,4.645673164054161,28.21246749369765,90.0,90.0,90.0,False,True,3.0,0.0,1.0,4.0,2.0,0.0,1.0,2.0,0.0,1.0,0,0,0
Sn,mp-117,0.0,110,6,12,11.614182910135398,4.645673164054161,6.569973994958123,31.6141829101354,90.0,90.0,90.0,False,True,3.0,1.0,1.0,5.0,2.0,1.0,1.0,2.0,1.0,0.0,0,1,0
Sn,mp-117,0.0,111,6,6,10.43123470003426,4.645673164054161,4.645673164054161,30.43123470003426,90.0,90.0,120.0,False,True,1.0,2.0,1.0,4.0,1.0,2.0,1.0,1.0,2.0,1.0,0,0,0
Sn,mp-1179414,0.096486717499999,100,6,6,9.721641700965586,3.233204929692174,4.5254019964035805,29.721641700965584,90.0,88.16308362665595,90.0,False,True,3.0,0.0,1.0,4.0,2.0,0.0,1.0,2.0,0.0,1.0,0,0,0
Sn,mp-1179414,0.096486717499999,110,6,6,14.793393579289898,3.2332049296921737,3.369192462771227,34.7933935792899,87.49894841292205,88.58864134631848,62.53401835780159,False,True,3.0,2.0,1.0,6.0,2.0,2.0,1.0,2.0,2.0,1.0,0,0,0
Sn,mp-1179414,0.096486717499999,111,6,6,7.976410131737245,3.3691924627712275,5.561733304145326,27.97641013173725,90.49401306173044,90.07805676901448,106.1602644085173,False,True,3.0,2.0,1.0,6.0,2.0,2.0,1.0,2.0,2.0,1.0,0,0,0
Sn,mp-623511,0.061407004999999,100,6,6,8.755215002432445,3.5020860009729784,4.676684001214724,28.755215002432447,90.0,90.0,90.0,False,True,3.0,0.0,1.0,4.0,0.0,0.0,1.0,0.0,0.0,1.0,0,0,0
Sn,mp-623511,0.061407004999999,110,6,6,12.381743797932348,3.4058987787234507,3.405898778723451,32.38174379793235,90.0,90.0,93.28371675656898,False,True,2.0,1.0,1.0,4.0,0.0,0.0,1.0,0.0,0.0,1.0,0,0,0
Sn,mp-623511,0.061407004999999,111,6,6,5.476956821833296,4.952697519172942,5.84260041466372,25.47695682183329,92.3801306435876,90.00000000000001,64.922511370685,False,True,5.0,0.0,2.0,7.0,0.0,0.0,1.0,0.0,0.0,1.0,0,0,0
Hf,mp-103,0.0,100,6,6,6.450934439205632,3.19238463,5.04504164,26.450934439205632,90.0,90.0,90.0,False,True,3.0,2.0,2.0,7.0,2.0,1.0,1.0,2.0,1.0,1.0,0,0,0
Hf,mp-103,0.0,110,6,12,7.9809615749999985,5.04504164,5.529372376461971,27.980961575,90.0,90.0,90.0,False,True,3.0,1.0,1.0,5.0,2.0,1.0,1.0,2.0,1.0,1.0,0,0,0
Hf,mp-103,0.0,111,6,11,7.306412339551066,5.529372376461971,5.970239926099631,27.306412339551063,86.96540206097448,85.05628516183091,62.41410197265479,False,True,6.0,2.0,2.0,10.0,1.0,2.0,1.0,1.0,2.0,1.0,0,0,0
Hf,mp-1009460,0.0321781366666655,100,6,6,7.162505746533462,3.08623225,4.962329544999999,27.162505746533466,90.0,90.0,90.0,False,True,3.0,0.0,1.0,4.0,6.0,5.0,5.0,5.0,5.0,4.0,0,2,0
Hf,mp-1009460,0.0321781366666655,110,6,18,12.405823862500004,3.08623225,8.595006895840148,32.4058238625,90.0,90.0,90.0,False,True,5.0,2.0,2.0,9.0,2.0,2.0,2.0,1.0,2.0,1.0,0,2,0
Hf,mp-1009460,0.0321781366666655,111,6,10,5.832701161837807,5.843761118844605,5.843761118844607,25.832701161837804,87.70153722720133,92.29846277279871,85.31790319249266,False,True,5.0,3.0,2.0,10.0,2.0,3.0,2.0,2.0,3.0,2.0,0,0,0
Ta,mp-569794,0.0,100,6,20,6.423078448055705,5.3030315,10.224406015,26.42307844805571,90.0,90.0,90.0,True,,,,,,,,,,,,0,0,0
Ta,mp-569794,0.0,110,6,22,5.662352995078411,5.3030315,14.459493653622047,25.66235299507841,101.3099324740202,90.0,90.0,True,,,,,,,,,,,,0,0,0
Ta,mp-569794,0.0,111,6,34,6.036318097614279,11.517839270000271,11.517839270000277,26.03631809761428,99.1762382458507,80.8237617541493,102.23873963990162,True,,,,,,,,,,,,0,0,0
Ta,mp-42,7.669666665321984e-06,100,6,20,6.421993840210298,5.30817345,10.22206745,26.4219938402103,90.0,90.0,90.0,False,True,9.0,3.0,3.0,15.0,3.0,3.0,3.0,1.0,2.0,3.0,0,3,0
Ta,mp-42,7.669666665321984e-06,110,6,18,4.9832381587431325,5.30817345,14.45618642328256,24.98323815874313,101.3099324740202,90.0,90.0,True,,,,,,0.0,0.0,0.0,0.0,0.0,0.0,0,0,0
Ta,mp-42,7.669666665321984e-06,111,7,38,7.498799496938894,11.51813215446126,11.51813215446126,27.498799496938894,99.22298657644012,80.7770134235599,102.26222074617716,True,,,,,,0.0,0.0,0.0,0.0,0.0,0.0,0,0,0
Ta,mp-50,0.0091499126666647,100,6,6,8.274639029257465,3.3098556117029854,3.3098556117029854,28.274639029257465,90.0,90.0,90.0,False,True,2.0,0.0,1.0,3.0,1.0,0.0,1.0,1.0,0.0,1.0,0,0,0
Ta,mp-50,0.0091499126666647,110,5,5,9.361685391134117,2.866419042593268,2.866419042593268,29.36168539113412,90.0,90.0,109.47122063449068,False,True,2.0,1.0,1.0,4.0,2.0,1.0,1.0,2.0,1.0,1.0,0,0,0
Ta,mp-50,0.0091499126666647,111,5,8,6.553265944852797,4.680842695567058,4.680842695567058,26.5532659448528,85.882860523473,85.882860523473,60.00000000000002,False,True,5.0,0.0,2.0,7.0,2.0,0.0,2.0,2.0,0.0,2.0,0,0,0
W,mp-91,0.0,100,6,6,7.925788901427822,3.170315560571129,3.170315560571129,27.925788901427826,90.0,90.0,90.0,False,,,,,,,,,,,,0,0,0
W,mp-91,0.0,110,6,6,11.208758156905375,2.745573813467701,2.745573813467701,31.20875815690538,90.0,90.0,109.47122063449068,False,,,,,,,,,,,,0,0,0
W,mp-91,0.0,111,6,9,7.22342192333903,4.483503262762152,4.483503262762153,27.223421923339032,90.0,86.8152614632796,60.00000000000001,False,,,,,,,,,,,,0,0,0
Re,mp-1186901,0.0,100,6,16,8.784459789523204,2.766387395,8.93884516,28.784459789523204,90.0,90.0,90.0,False,,,,,,,,,,,,0,0,0
Re,mp-1186901,0.0,110,6,24,6.915968487500001,4.791523521558112,8.93884516,26.9159684875,90.0,90.0,90.0,False,,,,,,,,,,,,0,0,0
Re,mp-1186901,0.0,111,6,21,6.878374665444188,4.791523521558112,9.35712840638998,26.878374665444188,85.50943118219614,86.6636636380391,75.16501811367289,True,,,,,,,,,,,,0,0,0
Re,mp-8,0.0035870224999996,100,6,12,12.772541627142925,2.76533638,4.47357663,32.77254162714293,90.0,90.0,90.0,False,True,3.0,2.0,2.0,7.0,1.0,1.0,2.0,1.0,1.0,2.0,0,0,0
Re,mp-8,0.0035870224999996,110,6,12,6.91334095,4.47357663,4.789703110178595,26.91334095,90.0,90.0,90.0,False,True,3.0,1.0,1.0,5.0,1.0,1.0,1.0,1.0,1.0,1.0,0,0,0
Re,mp-8,0.0035870224999996,111,6,12,7.209054701961341,4.789703110178595,5.259274965148112,27.209054701961342,90.29273799684542,93.24163400846372,62.91204587582736,False,True,6.0,4.0,2.0,12.0,2.0,2.0,1.0,2.0,2.0,1.0,0,0,0
Re,mp-975065,0.0110583608333385,100,6,9,5.600155475836797,2.7687764078455035,6.885185190000005,25.6001554758368,86.69517864544906,90.0,90.0,False,True,3.0,0.0,1.0,4.0,1.0,0.0,1.0,1.0,0.0,1.0,0,0,0
Re,mp-975065,0.0110583608333385,110,6,10,7.056172240506948,2.766915945000012,6.885185189999996,27.05617224050695,91.79769431223596,91.80990613267556,101.54853306999982,False,True,6.0,4.0,2.0,12.0,1.0,2.0,2.0,1.0,2.0,2.0,0,0,0
Re,mp-975065,0.0110583608333385,111,6,16,10.897530200570449,2.766915945000012,7.421044259215622,30.897530200570447,92.15485226022268,89.97821910354595,89.94657796516888,False,True,3.0,2.0,1.0,6.0,1.0,1.0,1.0,1.0,1.0,1.0,0,0,0
Os,mp-49,0.0,100,6,12,12.683850695370763,2.74613423,4.32631422,32.68385069537076,90.0,90.0,90.0,False,True,3.0,2.0,2.0,7.0,2.0,2.0,2.0,2.0,2.0,2.0,0,0,0
Os,mp-49,0.0,110,6,12,6.865335575000005,4.32631422,4.756444010764037,26.865335575000003,90.0,90.0,90.0,False,True,3.0,1.0,1.0,5.0,2.0,1.0,1.0,2.0,1.0,1.0,0,0,0
Os,mp-49,0.0,111,6,11,6.651677574768515,4.756444010764037,5.124280236223611,26.65167757476852,91.113986035912,93.25007884119768,62.34745916100941,False,True,6.0,2.0,2.0,10.0,2.0,2.0,2.0,2.0,2.0,2.0,0,0,0
Ir,mp-101,0.0,100,6,6,9.6348233427159,2.7251395684675392,2.725139568467539,29.634823342715897,90.0,90.0,90.0,False,True,2.0,0.0,1.0,3.0,2.0,0.0,1.0,2.0,0.0,1.0,0,0,0
Ir,mp-101,0.0,110,6,6,6.812848921168836,2.725139568467539,3.853929337086357,26.81284892116884,90.0,90.0,90.0,False,True,3.0,0.0,1.0,4.0,2.0,0.0,1.0,2.0,0.0,1.0,0,0,0
Ir,mp-101,0.0,111,6,6,11.125335701023022,2.725139568467539,2.725139568467539,31.125335701023022,90.0,90.0,120.0,False,True,1.0,2.0,1.0,4.0,1.0,2.0,1.0,1.0,2.0,1.0,0,0,0
Ir,mp-2647032,0.0629169199999992,100,6,12,12.708070146565088,2.751377895,4.46229,32.70807014656509,90.0,90.0,90.0,False,True,3.0,2.0,2.0,7.0,2.0,2.0,2.0,2.0,2.0,2.0,0,0,0
Ir,mp-2647032,0.0629169199999992,110,6,12,6.878444737499997,4.46229,4.765526304961908,26.8784447375,90.0,90.0,90.0,False,True,3.0,1.0,1.0,5.0,2.0,1.0,1.0,2.0,1.0,1.0,0,0,0
Ir,mp-2647032,0.0629169199999992,111,6,11,6.645385629768329,4.765526304961908,5.242338444358071,26.645385629768327,90.21381180525974,93.2408063802793,62.96575558677198,False,True,6.0,2.0,2.0,10.0,2.0,2.0,2.0,2.0,2.0,2.0,0,0,0
Pt,mp-126,0.0,100,6,6,9.857875911012025,2.788228361908846,2.7882283619088457,29.857875911012023,90.0,90.0,90.0,False,True,2.0,0.0,1.0,3.0,2.0,0.0,1.0,2.0,0.0,1.0,0,0,0
Pt,mp-126,0.0,110,6,6,6.970570904772114,2.7882283619088457,3.943150364404808,26.97057090477212,90.0,90.0,90.0,False,True,3.0,0.0,1.0,4.0,3.0,0.0,1.0,3.0,0.0,1.0,0,0,0
Pt,mp-126,0.0,111,6,6,11.38289462172144,2.7882283619088457,2.7882283619088457,31.38289462172144,90.0,90.0,120.0,False,True,1.0,2.0,1.0,4.0,1.0,2.0,1.0,1.0,2.0,1.0,0,0,0
Pt,mp-2647022,0.069093715000001,100,6,12,12.750968287702348,2.760665615,4.792134,32.75096828770235,90.0,90.0,90.0,False,True,3.0,2.0,2.0,7.0,2.0,2.0,2.0,2.0,2.0,2.0,0,0,0
Pt,mp-2647022,0.069093715000001,110,6,12,6.901664037500002,4.792134,4.78161310788838,26.9016640375,90.0,90.0,90.0,False,True,3.0,1.0,1.0,5.0,2.0,1.0,1.0,2.0,1.0,1.0,0,0,0
Pt,mp-2647022,0.069093715000001,111,6,12,7.264202188416537,4.78161310788838,5.530445091653956,27.264202188416537,92.738351258956,90.0,64.38644311359516,False,True,6.0,4.0,2.0,12.0,2.0,2.0,2.0,2.0,2.0,2.0,0,0,0
Au,mp-81,0.0,100,6,6,10.42822132283749,2.9495464052370144,2.9495464052370144,30.428221322837487,90.0,90.0,90.0,False,True,2.0,0.0,1.0,3.0,2.0,0.0,1.0,2.0,0.0,1.0,0,0,0
Au,mp-81,0.0,110,6,6,7.373866013092531,2.9495464052370144,4.171288529134995,27.37386601309253,90.0,90.0,90.0,False,True,3.0,0.0,1.0,4.0,3.0,0.0,1.0,3.0,0.0,1.0,0,0,0
Au,mp-81,0.0,111,6,6,12.041472775818432,2.9495464052370144,2.9495464052370144,32.041472775818434,90.0,90.0,120.0,False,True,1.0,2.0,1.0,4.0,1.0,2.0,1.0,1.0,2.0,1.0,0,0,0
Au,mp-1008634,0.0021085050000024,100,6,12,7.056549824999999,5.111866043413543,4.89316961,27.056549825,90.0,90.0,90.0,False,True,13.0,7.0,5.0,25.0,6.0,5.0,5.0,6.0,5.0,5.0,0,0,0
Au,mp-1008634,0.0021085050000024,110,6,8,8.218636916261248,2.9196899542176404,4.89316961,28.218636916261246,90.00000000000001,91.54736961191044,90.0,False,True,4.0,2.0,2.0,8.0,2.0,2.0,2.0,2.0,2.0,2.0,0,0,0
Au,mp-1008634,0.0021085050000024,111,6,12,11.497467953761504,2.9196899542176404,5.648919551689576,31.4974679537615,89.1227272223394,88.19219043774179,76.02308749623184,False,True,6.0,4.0,2.0,12.0,2.0,2.0,2.0,2.0,2.0,2.0,0,0,0
Pb,mp-20483,0.0,100,6,6,12.473773716935524,3.5281159928926544,3.5281159928926544,32.473773716935526,90.0,90.0,90.0,False,True,2.0,0.0,1.0,3.0,2.0,0.0,1.0,2.0,0.0,1.0,0,0,0
Pb,mp-20483,0.0,110,6,6,8.820289982231634,3.5281159928926544,4.98950948677421,28.820289982231635,90.0,90.0,90.0,False,True,3.0,0.0,1.0,4.0,2.0,0.0,1.0,2.0,0.0,1.0,0,0,0
Pb,mp-20483,0.0,111,6,6,14.487887500196695,3.5281159928926544,3.5281159928926544,34.48788750019669,87.49622545351538,87.49622545351538,60.00000000000001,False,True,2.0,2.0,1.0,5.0,2.0,2.0,1.0,2.0,2.0,1.0,0,0,0
Pb,mp-1186444,0.018983265000002,100,6,8,5.0869843491295015,3.52436614,11.49524181,25.0869843491295,90.0,90.0,90.0,False,True,5.0,2.0,2.0,9.0,2.0,2.0,2.0,2.0,2.0,2.0,0,0,0
Pb,mp-1186444,0.018983265000002,110,6,24,8.810915350000002,6.104381218955407,11.49524181,28.81091535,90.0,90.0,90.0,False,True,4.0,2.0,2.0,8.0,2.0,2.0,2.0,0.0,2.0,2.0,0,2,0
Pb,mp-1186444,0.018983265000002,111,6,14,5.781229478074552,6.104381218955407,12.023383091258076,25.78122947807455,84.19084353006659,94.14378038475895,75.29427701666728,True,,,,,,0.0,0.0,0.0,0.0,0.0,0.0,0,0,0
Pb,mp-20745,0.020497490000003,100,6,6,7.015132226146788,3.471590125,5.99738957,27.015132226146783,90.0,90.0,90.0,False,,,,,,0.0,0.0,0.0,0.0,0.0,0.0,0,0,0
Pb,mp-20745,0.020497490000003,110,6,12,8.678975312500006,5.99738957,6.012970479554389,28.678975312500008,90.0,90.0,90.0,False,True,3.0,1.0,1.0,5.0,0.0,1.0,1.0,0.0,1.0,1.0,0,0,0
Pb,mp-20745,0.020497490000003,111,6,11,8.280122181051004,6.012970479554389,6.92969116558179,28.280122181051,88.83247710868588,90.0,64.28750445976543,False,,,,,,0.0,0.0,0.0,0.0,0.0,0.0,0,0,0
LiB,mp-1001835,0.0,100,6,8,5.78750895683606,3.09538022,4.009703825,25.787508956836056,90.0,90.0,90.0,False,True,4.0,0.0,2.0,6.0,6.0,6.0,6.0,6.0,6.0,6.0,0,0,0
LiB,mp-1001835,0.0,110,6,24,10.024259562500006,3.09538022,6.9450107482032655,30.024259562500006,90.0,90.0,90.0,False,True,5.0,3.0,2.0,10.0,2.0,3.0,2.0,2.0,3.0,2.0,0,0,0
LiB,mp-1001835,0.0,111,6,14,5.369996801611535,5.065481563542294,5.065481563542298,25.36999680161153,93.44645691438556,86.55354308561445,93.44645691438556,False,True,12.0,7.0,4.0,23.0,2.0,3.0,2.0,2.0,3.0,2.0,0,0,0
LiB3,mp-1222413,0.0,100,6,16,5.169710619690498,4.14105703,5.95595135,25.1697106196905,90.0,90.0,90.0,False,True,9.0,5.0,4.0,18.0,2.0,2.0,2.0,2.0,2.0,2.0,0,0,0
LiB3,mp-1222413,0.0,110,6,25,5.461035565264861,4.14105703,8.422987176004344,25.46103556526486,90.0,90.0,90.0,False,True,10.0,2.0,3.0,15.0,2.0,2.0,2.0,2.0,2.0,2.0,0,0,0
LiB3,mp-1222413,0.0,111,6,32,5.563513908525836,7.254082285808401,7.254082285808399,25.563513908525834,92.58913701464856,94.15730627005117,109.01888713761709,False,True,33.0,14.0,11.0,58.0,2.0,2.0,2.0,1.0,1.0,2.0,0,2,0
LiZn,mp-1934,0.0,100,6,12,7.579556610219781,4.287644701978982,4.287644701978982,27.57955661021978,90.0,90.0,90.0,False,True,5.0,4.0,2.0,11.0,2.0,2.0,2.0,2.0,2.0,2.0,0,0,0
LiZn,mp-1934,0.0,110,6,24,10.719111754947455,4.287644701978982,6.063645288175824,30.71911175494745,90.0,90.0,90.0,False,True,5.0,2.0,2.0,9.0,2.0,2.0,2.0,2.0,2.0,2.0,0,0,0
LiZn,mp-1934,0.0,111,6,6,4.376059049248401,4.287644701978982,4.287644701978982,24.3760590492484,90.0,90.0,120.0,False,True,1.0,2.0,1.0,4.0,1.0,2.0,1.0,1.0,2.0,1.0,0,0,0
LiZn3,mp-975799,0.0053559062499966,100,6,24,12.5026970832282,4.33682962,5.417060725,32.5026970832282,90.0,90.0,90.0,False,True,5.0,3.0,3.0,11.0,2.0,2.0,3.0,2.0,2.0,3.0,0,0,0
LiZn3,mp-975799,0.0053559062499966,110,6,24,6.777794066352778,4.33682962,9.382624403385895,26.777794066352776,90.0,90.0,90.0,False,True,5.0,2.0,2.0,9.0,3.0,2.0,2.0,2.0,2.0,0.0,0,3,0
LiZn3,mp-975799,0.0053559062499966,111,6,24,6.429861294036732,6.939210189297256,6.939210189297256,26.429861294036733,94.10619561318263,94.63520437406903,94.92719050407794,False,True,12.0,8.0,4.0,24.0,2.0,2.0,2.0,0.0,1.0,0.0,0,5,0
LiMg2,mp-865939,0.0,100,6,6,8.662217758587666,3.45383493,3.4649173,28.662217758587666,89.86948620546673,90.0,90.0,False,True,2.0,0.0,1.0,3.0,2.0,0.0,1.0,2.0,0.0,1.0,0,0,0
LiMg2,mp-865939,0.0,110,6,6,5.360593630612195,3.4649173,5.698170321613061,25.3605936306122,88.25928375569258,87.8802169831447,72.42350611301738,False,True,6.0,4.0,2.0,12.0,2.0,3.0,2.0,2.0,3.0,2.0,0,0,0
LiMg2,mp-865939,0.0,111,6,10,6.4862088886340175,4.89230289531703,5.698170321613067,26.486208888634017,87.58882086698824,89.79465755386414,89.9952478096058,False,True,4.0,2.0,2.0,8.0,2.0,2.0,2.0,2.0,2.0,2.0,0,0,0
LiMg,mp-1094673,0.0007004199999998,100,6,6,8.445462500000001,3.378185,3.55261,28.4454625,90.0,90.0,90.0,False,True,3.0,0.0,1.0,4.0,1.0,0.0,1.0,1.0,0.0,1.0,0,0,0
LiMg,mp-1094673,0.0007004199999998,110,6,12,11.943687608013384,3.55261,4.777475043205354,31.943687608013384,90.00000000000001,90.0,90.0,False,True,3.0,2.0,2.0,7.0,2.0,2.0,2.0,2.0,2.0,2.0,0,0,0
LiMg,mp-1094673,0.0007004199999998,111,6,6,4.7995947877313085,4.777475043205354,4.902363889627639,24.79959478773131,87.73519609936135,86.86513850580691,60.83919564328629,False,True,3.0,2.0,1.0,6.0,2.0,2.0,1.0,2.0,2.0,1.0,0,0,0
Li2Ca,mp-570466,0.0,100,6,14,5.363529000941602,6.193269824999999,10.18371546,25.363529000941604,90.0,90.0,90.0,False,,,,,,,,,,,,0,0,0
Li2Ca,mp-570466,0.0,110,6,36,7.751598624506235,10.18371546,10.727058001883208,27.75159862450624,90.0,90.0,90.0,False,,,,,,,,,,,,0,0,0
Li2Ca,mp-570466,0.0,111,6,21,5.666683410607522,10.727058001883208,11.9190877039939,25.66668341060752,95.71769374643571,97.35990449268452,63.25664152925607,True,,,,,,,,,,,,0,0,0
Li2Ca,mp-11644,0.0042679858333327,100,6,9,5.493842519182126,6.2155732801354695,6.2155732801354695,25.493842519182127,90.0,90.0,90.0,False,True,5.0,0.0,1.0,6.0,2.0,0.0,1.0,2.0,0.0,1.0,0,0,0
Li2Ca,mp-11644,0.0042679858333327,110,6,18,7.769466600169343,6.215573280135469,8.790148030691405,27.769466600169345,90.0,90.0,90.0,False,True,4.0,2.0,2.0,8.0,2.0,2.0,2.0,2.0,2.0,2.0,0,0,0
Li2Ca,mp-11644,0.0042679858333327,111,7,12,8.293827841409229,6.2155732801354695,6.215573280135469,28.293827841409232,85.6269933583793,85.6269933583793,60.00000000000001,False,True,5.0,0.0,2.0,7.0,2.0,0.0,2.0,2.0,0.0,2.0,0,0,0
LiCa3,mp-976272,0.07740214875,100,6,24,12.996629996379896,5.19865199855196,11.11985799795478,32.9966299963799,90.0,90.0,90.0,False,,,,,,,,,,,,0,0,0
LiCa3,mp-976272,0.07740214875,110,6,12,9.19000520301273,6.665268319782323,6.665268319782322,29.19000520301273,90.00000000000001,90.0,113.05784247566037,False,,,,,,,,,,,,0,0,0
LiCa3,mp-976272,0.07740214875,111,6,13,4.999497536587311,7.352004162410178,12.275065152443272,24.99949753658731,91.27281522380704,84.99053860029683,72.57428425535262,True,,,,,,,,,,,,0,0,0
LiCa3,mp-1185350,0.0751161953124999,100,6,12,7.679326917723051,6.21285476,7.584938575000001,27.67932691772305,90.0,90.0,90.0,False,True,5.0,2.0,1.0,8.0,3.0,2.0,1.0,3.0,2.0,1.0,0,0,0
LiCa3,mp-1185350,0.0751161953124999,110,6,24,9.508515101927612,6.21285476,13.13749898418908,29.50851510192761,90.0,90.0,90.0,False,True,5.0,2.0,2.0,9.0,2.0,2.0,2.0,1.0,2.0,2.0,0,1,0
LiCa3,mp-1185350,0.0751161953124999,111,6,24,8.234169542216343,9.804634488616989,9.804634488616989,28.234169542216343,91.36241601248386,88.63758398751615,95.87146896164656,False,True,12.0,8.0,4.0,24.0,2.0,3.0,3.0,0.0,1.0,2.0,0,5,0
Li9Al4,mp-568404,0.0,100,6,18,5.772230065908287,5.36280797,9.58790135,25.772230065908285,90.75237937336269,93.38370845296916,105.13510454,True,,,,,,,,,,,,0,0,0
Li9Al4,mp-568404,0.0,110,7,24,5.603912948476292,6.971633173296794,9.58790135,25.60391294847629,86.63147722546222,88.7548708299612,93.16195377599811,True,,,,,,,,,,,,0,0,0
Li9Al4,mp-568404,0.0,111,6,30,6.00248155135777,6.971633173296794,11.453869707231664,26.00248155135777,87.96065018168701,85.70940737264209,78.3472149303531,True,,,,,,,,,,,,0,0,0
LiAl,mp-1067,0.0,100,6,24,11.1775163375,4.471006535000001,6.334440107268909,31.1775163375,90.0,90.0,90.0,False,,,,,,,,,,,,0,0,0
LiAl,mp-1067,0.0,110,6,12,7.903697599069675,4.475067886205816,4.475067886205816,27.90369759906968,90.00000000000001,90.0,90.10395052051877,False,,,,,,,,,,,,0,0,0
LiAl,mp-1067,0.0,111,6,16,5.287219384769328,6.322958079255734,7.753388350172437,25.28721938476933,93.18512448784728,93.99395247931244,65.93614575345502,True,,,,,,,,,,,,0,0,0
Li2Al,mp-1210753,0.0,100,6,36,11.461455675,4.43089706,9.666479233561873,31.461455675,90.0,90.0,90.0,False,True,7.0,3.0,3.0,13.0,2.0,2.0,2.0,2.0,2.0,2.0,0,0,0
Li2Al,mp-1210753,0.0,110,6,12,7.6612444936983,4.43089706,5.349280684430413,27.661244493698305,92.42068225405302,90.0,90.0,False,True,4.0,2.0,2.0,8.0,2.0,2.0,2.0,2.0,2.0,2.0,0,0,0
Li2Al,mp-1210753,0.0,111,6,13,5.9882611928385,5.349280684430413,6.375832757116124,25.9882611928385,93.98444352710608,90.44644141812914,107.94671091360829,False,True,6.0,4.0,2.0,12.0,2.0,2.0,2.0,2.0,2.0,2.0,0,0,0
Li3Al2,mp-16506,0.0,100,6,30,6.399774920473519,4.433894127706077,14.11909493636807,26.39977492047352,90.0,90.0,90.0,False,,,,,,,,,,,,0,0,0
Li3Al2,mp-16506,0.0,110,6,30,11.084735319265183,5.35751904885185,6.954309994134346,31.084735319265185,90.0,90.0,104.04771657850328,False,,,,,,,,,,,,0,0,0
Li3Al2,mp-16506,0.0,111,6,76,11.084735319265196,7.679729904568213,14.79892762864529,31.0847353192652,98.61560156774902,90.0,74.96143515954768,True,,,,,,,,,,,,0,0,0
LiAl3,mp-10890,0.010949575,100,6,12,9.989592500000002,3.995837,3.995837,29.9895925,90.0,90.0,90.0,False,True,3.0,2.0,2.0,7.0,2.0,2.0,2.0,2.0,2.0,2.0,0,0,0
LiAl3,mp-10890,0.010949575,110,6,12,7.063708598040282,3.995837,5.650966878432221,27.06370859804028,90.0,90.0,90.0,False,True,4.0,0.0,2.0,6.0,2.0,0.0,2.0,2.0,0.0,2.0,0,0,0
LiAl3,mp-10890,0.010949575,111,6,24,11.534987837939337,5.650966878432221,5.650966878432221,31.534987837939333,90.00000000000001,90.00000000000001,60.00000000000002,False,True,3.0,4.0,2.0,9.0,2.0,4.0,2.0,2.0,4.0,2.0,0,0,0
LiGa,mp-1307,0.0,100,6,12,7.7022830525064,4.357069261636397,4.357069261636397,27.7022830525064,90.0,90.0,90.0,False,True,3.0,2.0,2.0,7.0,2.0,2.0,2.0,2.0,2.0,2.0,0,0,0
LiGa,mp-1307,0.0,110,6,24,10.892673154091,4.357069261636396,6.161826442005119,30.892673154091,90.0,90.00000000000001,90.0,False,True,5.0,2.0,2.0,9.0,3.0,2.0,2.0,2.0,2.0,2.0,0,1,0
LiGa,mp-1307,0.0,111,6,6,4.446915193739265,4.357069261636396,4.357069261636397,24.446915193739265,90.0,90.0,120.0,False,True,1.0,2.0,1.0,4.0,1.0,2.0,1.0,1.0,2.0,1.0,0,0,0
Li2Ga,mp-29210,0.0,100,6,36,11.218747250000003,4.31001929,9.340865226928017,31.218747250000007,90.0,90.0,90.0,False,True,7.0,3.0,3.0,13.0,2.0,2.0,3.0,2.0,1.0,0.0,0,4,0
Li2Ga,mp-29210,0.0,110,6,12,7.459381726243167,4.31001929,5.181443080000353,27.45938172624317,91.83132056424267,90.0,90.0,False,True,4.0,2.0,2.0,8.0,2.0,2.0,2.0,2.0,2.0,2.0,0,0,0
Li2Ga,mp-29210,0.0,111,6,14,6.060075231461356,5.181443080000353,6.22205051873362,26.060075231461354,85.71049531216576,87.31330163277073,71.80113165251602,False,True,6.0,4.0,2.0,12.0,2.0,2.0,2.0,2.0,1.0,2.0,0,1,0
Li13Si4,mp-672287,0.0,100,6,102,11.034666925000002,7.90356186,15.00943456,31.034666925000003,90.0,90.0,90.0,False,,,,,,,,,,,,0,0,0
Li13Si4,mp-672287,0.0,110,6,51,5.475795021349491,9.052541628634296,15.00943456,25.47579502134949,90.0,88.34998985587478,90.0,True,,,,,,,,,,,,0,0,0
Li13Si4,mp-672287,0.0,111,6,51,6.157868725881507,9.052541628634296,15.644978289349996,26.157868725881507,84.35378995707583,85.56952778136565,82.09330729186611,True,,,,,,,,,,,,0,0,0
LiSi,mp-795,0.01224556360119,100,6,21,5.974034137619139,7.17467308627577,7.175778780000001,25.97403413761914,92.47147271692414,92.47737836846088,80.82984954413361,False,True,12.0,6.0,4.0,22.0,2.0,2.0,2.0,1.0,2.0,2.0,0,1,0
LiSi,mp-795,0.01224556360119,110,7,21,6.146522217392651,7.17577878,7.17599665,26.14652221739265,87.55031871051274,92.46598559963846,99.15442683000002,False,True,12.0,6.0,4.0,22.0,2.0,2.0,2.0,2.0,1.0,2.0,0,1,0
LiSi,mp-795,0.01224556360119,111,6,22,6.508750430661047,7.175996650000002,7.175968327590348,26.50875043066105,87.52590653058157,87.53902936416924,80.81956295273031,False,True,12.0,3.0,4.0,19.0,2.0,2.0,2.0,2.0,2.0,2.0,0,0,0
Li2Si,mp-27705,0.042997212301586,100,6,36,6.267049110468049,4.341938989143996,18.397287019344954,26.267049110468047,90.0,90.0,90.0,False,True,18.0,0.0,6.0,24.0,2.0,0.0,2.0,1.0,0.0,0.0,0,3,0
Li2Si,mp-27705,0.042997212301586,110,6,36,10.854847472859984,6.625015490367676,7.520458932561653,30.854847472859987,90.0,90.0,112.23380459777565,False,True,11.0,5.0,3.0,19.0,2.0,4.0,1.0,2.0,2.0,1.0,0,2,0
Li2Si,mp-27705,0.042997212301586,111,6,108,10.854847472859998,7.520458932561652,18.90271419287736,30.85484747286,96.5949512949674,90.0,78.52587520570158,True,,,,,,0.0,0.0,0.0,0.0,0.0,0.0,0,0,0
Li15Si4,mp-569849,0.0,100,6,42,5.67460962665664,10.556031842561538,10.556031842561538,25.67460962665664,90.0,90.0,90.0,False,,,,,,0.0,0.0,0.0,0.0,0.0,0.0,0,0,0
Li15Si4,mp-569849,0.0,110,6,29,5.411960759348586,9.141791738815748,9.141791738815748,25.411960759348588,90.0,90.0,109.47122063449068,False,True,9.0,3.0,3.0,15.0,2.0,2.0,2.0,1.0,1.0,1.0,0,3,0
Li15Si4,mp-569849,0.0,111,7,70,6.217084416667335,14.928483396592773,14.928483396592773,25.99605854269599,90.0,98.67072140137988,60.00000000000001,True,,,,,,0.0,0.0,0.0,0.0,0.0,0.0,0,0,0
LiNi3,mp-1185266,0.0623283183333338,100,6,24,8.73152604855107,3.492610419420425,6.879962138552733,28.731526048551068,90.0,90.0,90.0,False,True,5.0,3.0,3.0,11.0,3.0,2.0,2.0,3.0,0.0,1.0,3,0,0
LiNi3,mp-1185266,0.0623283183333338,110,6,12,6.174121279037436,4.234694030021747,4.234694030021746,26.17412127903744,90.0,90.0,108.64897476918026,False,True,4.0,0.0,1.0,5.0,2.0,0.0,1.0,2.0,0.0,1.0,0,0,0
LiNi3,mp-1185266,0.0623283183333338,111,6,24,6.396345771499577,4.9392970232299485,7.7157116696882335,26.39634577149958,90.51803325276973,90.0,71.33220939310927,True,,,,,,0.0,0.0,0.0,0.0,0.0,0.0,0,0,0
Li3Ni,mp-1185204,0.0932833249999998,100,6,24,9.5245499993686,3.809819999747437,7.575913999808965,29.5245499993686,90.0,90.0,90.0,False,True,5.0,2.0,2.0,9.0,2.0,2.0,2.0,2.0,2.0,2.0,0,0,0
Li3Ni,mp-1185204,0.0932833249999998,110,6,12,6.734873892303856,4.648223579859638,4.648223579859638,26.73487389230386,90.00000000000001,90.0,109.16003805486554,False,True,4.0,2.0,1.0,7.0,2.0,2.0,1.0,1.0,2.0,1.0,0,1,0
Li3Ni,mp-1185204,0.0932833249999998,111,6,22,6.087204594805543,5.387899113843087,8.479929325352725,26.08720459480554,87.80751514109868,90.00000000000001,71.47699600563477,True,,,,,,0.0,0.0,0.0,0.0,0.0,0.0,0,0,0
Li3Ni,mp-1185214,0.0938122774999996,100,6,24,12.480698524028876,4.465321,5.43662444,32.48069852402888,90.0,90.0,90.0,False,,,,,,0.0,0.0,0.0,0.0,0.0,0.0,0,0,0
Li3Ni,mp-1185214,0.0938122774999996,110,6,24,6.8604274512160455,4.465321,9.416509751750697,26.860427451216044,90.0,90.0,90.0,False,True,5.0,2.0,2.0,9.0,2.0,2.0,2.0,1.0,2.0,2.0,0,1,0
Li3Ni,mp-1185214,0.0938122774999996,111,6,24,6.550746047205116,7.035337727120591,7.035337727120591,26.55074604720512,85.40525199255613,94.59474800744393,95.98476463450892,False,True,12.0,5.0,4.0,21.0,2.0,3.0,3.0,1.0,2.0,2.0,0,3,0
LiCu3,mp-862658,0.0,100,6,24,8.94771179312518,3.579084717250072,7.22927641522441,28.94771179312518,90.0,90.0,90.0,False,True,5.0,3.0,3.0,11.0,2.0,3.0,3.0,2.0,3.0,3.0,0,0,0
LiCu3,mp-862658,0.0,110,6,12,6.326987685021658,4.412542699913111,4.412542699913111,26.326987685021656,90.00000000000001,90.0,110.00429388322289,False,True,4.0,0.0,1.0,5.0,2.0,0.0,1.0,2.0,0.0,1.0,0,0,0
LiCu3,mp-862658,0.0,111,6,24,6.566285890540888,5.061590148017325,8.066739421908515,26.56628589054089,89.66199849159202,90.0,71.71571139565502,True,,,,,,0.0,0.0,0.0,0.0,0.0,0.0,0,0,0
LiCu3,mp-1185338,0.0084051837499998,100,6,24,11.710911791327318,4.16156276,5.068183609999999,31.71091179132732,90.0,90.0,90.0,False,True,5.0,3.0,3.0,11.0,2.0,2.0,2.0,2.0,2.0,2.0,0,0,0
LiCu3,mp-1185338,0.0084051837499998,110,6,24,6.340809405268189,4.16156276,8.778351514607847,26.34080940526819,90.0,90.0,90.0,False,True,5.0,2.0,2.0,9.0,2.0,2.0,2.0,2.0,2.0,2.0,0,0,0
LiCu3,mp-1185338,0.0084051837499998,111,6,24,5.67421718413604,6.55782659957485,6.55782659957485,25.67421718413604,92.82241649401666,87.17758350598335,95.97334998410916,False,True,12.0,8.0,4.0,24.0,2.0,2.0,2.0,1.0,1.0,1.0,0,3,0
Li3Cu,mp-975882,0.059976963055556,100,6,24,10.11688904446387,4.0467556177855455,7.18440529642153,30.116889044463868,90.0,90.0,90.0,False,True,5.0,3.0,3.0,11.0,3.0,2.0,2.0,3.0,2.0,2.0,0,0,0
Li3Cu,mp-975882,0.059976963055556,110,6,12,7.153720847852284,4.592606599835421,4.592606599835421,27.153720847852284,90.00000000000001,90.0,102.91952231515508,False,True,4.0,0.0,1.0,5.0,0.0,0.0,0.0,0.0,0.0,0.0,0,0,0
Li3Cu,mp-975882,0.059976963055556,111,6,24,7.3400758506551185,5.722976678281831,8.245720738257425,27.34007585065512,91.8619247847202,90.0,69.69441490159095,True,,,,,,0.0,0.0,0.0,0.0,0.0,0.0,0,0,0
Li3Ge,mp-867342,0.008542325,100,6,12,7.703287494796307,4.35763746,4.35763746,27.703287494796307,90.0,90.0,90.0,False,True,3.0,0.0,1.0,4.0,2.0,0.0,1.0,2.0,0.0,1.0,0,0,0
Li3Ge,mp-867342,0.008542325,110,6,24,10.894093650000002,4.35763746,6.162629995837047,30.89409365,90.0,90.0,90.0,False,True,5.0,3.0,3.0,11.0,3.0,3.0,3.0,3.0,3.0,3.0,0,0,0
Li3Ge,mp-867342,0.008542325,111,6,6,4.447495108765729,4.35763746,4.35763746,24.44749510876573,90.0,90.0,120.0,False,True,4.0,0.0,2.0,6.0,2.0,0.0,2.0,2.0,0.0,2.0,0,0,0
LiGe,mp-8490,0.033398377708333,100,6,72,10.07846115,4.03138446,23.01379574356548,30.078461150000003,90.0,90.0,90.0,False,,,,,,,,,,,,0,0,0
LiGe,mp-8490,0.033398377708333,110,6,36,7.1265482230901736,5.701238578472135,11.854734453533863,27.12654822309017,90.0,90.0,103.91384010951576,False,,,,,,,,,,,,0,0,0
LiGe,mp-8490,0.033398377708333,111,6,56,7.126548223090168,5.701238578472135,23.364221690244296,27.126548223090168,97.00799756896303,90.0,82.992002431037,True,,,,,,,,,,,,0,0,0
LiGe,mp-9918,0.0,100,6,24,6.019318325076018,5.74386891,9.731862051491266,26.01931832507601,90.0,90.0,90.0,False,True,9.0,5.0,3.0,17.0,2.0,2.0,2.0,2.0,2.0,1.0,0,1,0
LiGe,mp-9918,0.0,110,6,16,6.105709632048454,5.74386891,7.456713552795496,26.10570963204845,90.0,90.0,112.65289648061022,False,True,6.0,2.0,2.0,10.0,1.0,2.0,1.0,1.0,2.0,1.0,0,0,0
LiGe,mp-9918,0.0,111,6,40,5.630747615046328,11.300494194703184,11.30049419470319,25.63074761504633,90.98105006715764,89.01894993284238,104.97238059790196,False,True,18.0,8.0,6.0,32.0,0.0,2.0,0.0,0.0,2.0,0.0,0,0,0
LiRh,mp-600561,0.0,100,6,12,12.250446926918931,2.6522995616062004,4.32660441,32.25044692691893,90.0,90.0,90.0,False,True,3.0,2.0,2.0,7.0,1.0,2.0,2.0,1.0,2.0,2.0,0,0,0
LiRh,mp-600561,0.0,110,6,12,6.630748904015503,4.32660441,4.593917597594599,26.6307489040155,90.0,90.0,90.0,False,True,4.0,2.0,2.0,8.0,2.0,2.0,2.0,2.0,2.0,2.0,0,0,0
LiRh,mp-600561,0.0,111,6,12,7.179514976794788,4.593917597594599,5.07485947442172,27.17951497679479,90.03305467566763,93.2389002288135,63.088399997941735,False,True,6.0,2.0,2.0,10.0,2.0,2.0,2.0,2.0,2.0,2.0,0,0,0
LiRh3,mp-1001787,0.0,100,6,24,6.65149415,4.64347758,8.589402479433758,26.65149415,90.0,90.0,90.0,False,True,7.0,3.0,3.0,13.0,8.0,6.0,6.0,6.0,3.0,4.0,0,7,0
LiRh3,mp-1001787,0.0,110,6,22,11.441689611273084,5.060101256350087,5.060101256350087,31.441689611273087,91.74887150170176,91.74887150170176,116.14938661839489,False,True,5.0,2.0,1.0,8.0,3.0,2.0,1.0,3.0,2.0,0.0,0,1,0
LiRh3,mp-1001787,0.0,111,6,24,5.803383711733851,5.351697295658652,8.992030630625113,25.803383711733847,92.89419109840522,91.53907065584396,81.5411657569793,True,True,12.0,6.0,4.0,22.0,3.0,2.0,2.0,2.0,0.0,2.0,0,3,0
Li2Pd,mp-728,0.0,100,6,6,6.069562194169031,2.67986227,4.205116039999999,26.06956219416903,90.0,90.0,90.0,False,True,3.0,2.0,2.0,7.0,1.0,2.0,2.0,1.0,2.0,2.0,0,0,0
Li2Pd,mp-728,0.0,110,6,18,10.512790100000004,2.67986227,7.283474633002839,30.512790100000004,90.0,90.0,90.0,False,True,5.0,2.0,2.0,9.0,3.0,2.0,2.0,3.0,2.0,2.0,0,0,0
Li2Pd,mp-728,0.0,111,6,16,8.298351806696841,4.986447903671995,4.986447903671995,28.298351806696843,90.28975899117827,89.71024100882174,86.17237820769175,False,True,5.0,3.0,2.0,10.0,2.0,2.0,2.0,2.0,2.0,2.0,0,0,0
LiPd,mp-2744,0.0,100,6,12,12.82284018528403,2.776226337280982,4.10621682,32.82284018528403,90.0,90.0,90.0,False,True,3.0,0.0,1.0,4.0,3.0,0.0,1.0,3.0,0.0,1.0,0,0,0
LiPd,mp-2744,0.0,110,6,12,6.940565843202455,4.10621682,4.808565069481511,26.940565843202453,90.0,90.0,90.0,False,True,4.0,2.0,2.0,8.0,2.0,2.0,2.0,2.0,2.0,2.0,0,0,0
LiPd,mp-2744,0.0,111,6,12,7.454256845032658,4.808565069481511,4.956657063854982,27.45425684503266,93.03786409459848,93.26870503002598,60.98351109695653,False,True,3.0,2.0,1.0,6.0,2.0,2.0,1.0,2.0,2.0,1.0,0,0,0
LiAg,mp-2426,0.0,100,6,6,7.806850824999998,3.1227403300000005,3.1227403300000005,27.806850825,90.0,90.0,90.0,False,True,2.0,0.0,1.0,3.0,2.0,0.0,1.0,2.0,0.0,1.0,0,0,0
LiAg,mp-2426,0.0,110,6,12,11.040554316138596,3.1227403300000005,4.416221726455435,31.0405543161386,90.00000000000001,90.0,90.0,False,True,3.0,2.0,2.0,7.0,1.0,2.0,2.0,1.0,2.0,2.0,0,0,0
LiAg,mp-2426,0.0,111,6,6,4.507287425337006,4.416221726455435,4.416221726455436,24.507287425337005,90.0,90.0,60.00000000000001,False,True,4.0,0.0,2.0,6.0,2.0,0.0,2.0,2.0,0.0,2.0,0,0,0
Li3Ag,mp-865875,0.0,100,6,12,8.004875006999418,4.528241120000001,4.528241120000001,28.00487500699942,90.0,90.0,90.0,False,True,3.0,0.0,1.0,4.0,3.0,0.0,1.0,3.0,0.0,1.0,0,0,0
Li3Ag,mp-865875,0.0,110,6,24,11.320602800000009,4.52824112,6.403900005599534,31.320602800000003,90.0,90.0,90.0,False,True,5.0,3.0,3.0,11.0,2.0,3.0,2.0,2.0,3.0,2.0,0,0,0
Li3Ag,mp-865875,0.0,111,6,6,4.621616740120427,4.52824112,4.528241120000001,24.621616740120423,90.0,90.00000000000001,120.0,False,True,1.0,2.0,1.0,4.0,1.0,2.0,1.0,1.0,2.0,1.0,0,0,0
Li3Cd,mp-975904,0.0,100,6,24,10.694798556429555,4.277919422571823,7.9227566051333085,30.69479855642956,90.0,90.0,90.0,False,,,,,,,,,,,,0,0,0
Li3Cd,mp-975904,0.0,110,6,12,7.5623645826754355,4.984256749913119,4.984256749913119,27.56236458267544,90.00000000000001,90.0,105.26861062261584,False,,,,,,,,,,,,0,0,0
Li3Cd,mp-975904,0.0,111,6,24,7.776914763176926,6.049891666140351,9.003925077997966,27.77691476317692,90.36084192344164,90.0,70.3691611046698,True,,,,,,,,,,,,0,0,0
LiCd3,mp-865612,0.0,100,6,12,6.190479837142673,4.84923505,6.1101314,26.190479837142675,90.0,90.0,90.0,False,True,5.0,3.0,3.0,11.0,2.0,2.0,2.0,2.0,2.0,2.0,0,0,0
LiCd3,mp-865612,0.0,110,6,24,7.667159901161822,4.84923505,10.583058025721954,27.667159901161824,90.0,90.0,90.0,False,True,5.0,2.0,2.0,9.0,2.0,2.0,2.0,2.0,2.0,2.0,0,0,0
LiCd3,mp-865612,0.0,111,6,24,6.915103825024293,7.800563203731795,7.800563203731795,26.915103825024296,86.82118830855286,93.17881169144717,94.56998006049564,False,True,12.0,8.0,4.0,24.0,2.0,2.0,2.0,1.0,2.0,1.0,0,2,0
LiCd,mp-1437,0.0,100,6,12,8.331050979684594,4.712754113716644,4.712754113716644,28.33105097968459,90.0,90.0,90.0,False,True,3.0,2.0,2.0,7.0,2.0,2.0,1.0,2.0,2.0,1.0,0,0,0
LiCd,mp-1437,0.0,110,6,24,11.781885284291612,4.712754113716644,6.664840783747674,31.78188528429161,90.0,90.0,90.0,False,True,5.0,2.0,2.0,9.0,2.0,1.0,1.0,2.0,1.0,1.0,0,0,0
LiCd,mp-1437,0.0,111,6,6,4.809934525753398,4.712754113716644,4.712754113716644,24.8099345257534,90.0,90.00000000000001,120.00000000000004,False,True,1.0,2.0,1.0,4.0,1.0,2.0,1.0,1.0,2.0,1.0,0,0,0
LiSn,mp-569073,0.0,100,6,9,6.081902560848532,3.13853384,7.844917410000004,26.08190256084853,87.9130455016032,90.0,90.0,False,True,3.0,0.0,1.0,4.0,3.0,0.0,1.0,3.0,0.0,1.0,0,0,0
LiSn,mp-569073,0.0,110,6,20,8.155713472367035,6.057372771689073,7.844917409999999,28.15571347236704,88.77695615449235,93.32517536148336,76.76233214537187,False,True,12.0,7.0,4.0,23.0,2.0,2.0,2.0,2.0,2.0,2.0,0,0,0
LiSn,mp-569073,0.0,111,5,28,9.915326081578447,6.057372771689068,8.449445179095859,29.91532608157845,85.03821199380313,90.66655583661624,88.84557783025446,True,,,,,,0.0,0.0,0.0,0.0,0.0,0.0,0,0,0
Li3Sn,mp-1185265,0.0,100,6,12,8.179680200201755,4.62712587,4.62712587,28.17968020020176,90.0,90.0,90.0,False,True,3.0,0.0,1.0,4.0,3.0,0.0,1.0,3.0,0.0,1.0,0,0,0
Li3Sn,mp-1185265,0.0,110,6,24,11.567814674999996,4.627125869999999,6.543744160161406,31.567814675,90.0,90.0,90.0,False,True,5.0,3.0,3.0,11.0,2.0,2.0,1.0,2.0,2.0,1.0,0,0,0
Li3Sn,mp-1185265,0.0,111,6,6,4.72254056547154,4.627125869999999,4.62712587,24.72254056547154,90.0,90.0,120.0,False,True,4.0,0.0,2.0,6.0,4.0,0.0,2.0,4.0,0.0,2.0,0,0,0
LiSn3,mp-1185461,0.033758912499999,100,6,24,11.37681110842603,4.550724443370413,9.48716008647852,31.37681110842604,90.0,90.0,90.0,False,True,5.0,4.0,3.0,12.0,0.0,3.0,0.0,0.0,3.0,0.0,0,0,0
LiSn3,mp-1185461,0.033758912499999,110,6,12,8.04462028304649,5.732023910135255,5.732023910135255,28.044620283046488,90.0,90.0,111.69731503601396,False,True,4.0,0.0,1.0,5.0,3.0,0.0,1.0,3.0,0.0,1.0,0,0,0
LiSn3,mp-1185461,0.033758912499999,111,6,16,5.578234302705399,6.435696226437192,10.522133788636229,25.5782343027054,96.97428552622397,94.29017938392109,72.19267252986589,True,,,,,,0.0,0.0,0.0,0.0,0.0,0.0,0,0,0
LiIr,mp-279,0.0,100,6,12,12.254151611502,2.653101649346687,4.3551475,32.254151611502,90.0,90.0,90.0,False,True,3.0,2.0,2.0,7.0,1.0,2.0,1.0,1.0,2.0,1.0,0,0,0
LiIr,mp-279,0.0,110,6,12,6.632754123366718,4.3551475,4.595306854313249,26.63275412336672,90.0,90.0,90.0,False,True,4.0,2.0,2.0,8.0,2.0,2.0,2.0,2.0,2.0,2.0,0,0,0
LiIr,mp-279,0.0,111,6,12,7.185786413674611,4.595306854313251,5.09963313469924,27.185786413674613,89.83700734476723,93.23681589727109,63.22085049920816,False,True,6.0,2.0,2.0,10.0,2.0,2.0,2.0,2.0,2.0,2.0,0,0,0
LiIr3,mp-30738,0.0,100,6,12,7.0212074463372165,4.666114389999999,5.127029290395487,27.02120744633721,87.14089398456872,93.2501781551639,117.0414992426936,False,True,6.0,4.0,2.0,12.0,3.0,2.0,2.0,3.0,2.0,2.0,0,0,0
LiIr3,mp-30738,0.0,110,6,22,10.318804588840871,5.127029290395487,5.383012033543157,30.31880458884087,89.82704359602555,92.82556534366704,105.304905714779,False,True,6.0,4.0,2.0,12.0,2.0,2.0,2.0,2.0,2.0,2.0,0,0,0
LiIr3,mp-30738,0.0,111,6,22,8.000512099408198,5.3830120335431575,6.377348942636395,28.0005120994082,89.22209121858582,93.58981675012195,90.137220217869,False,True,6.0,4.0,2.0,12.0,1.0,2.0,2.0,1.0,2.0,2.0,0,0,0
Li2Pt,mp-2170,0.0,100,6,6,6.021951112473484,2.64254732,4.172130115,26.021951112473484,90.0,90.0,90.0,False,True,3.0,2.0,2.0,7.0,1.0,2.0,2.0,1.0,2.0,2.0,0,0,0
Li2Pt,mp-2170,0.0,110,6,18,10.4303252875,2.64254732,7.226341334968183,30.4303252875,90.0,90.0,90.0,False,True,5.0,2.0,2.0,9.0,3.0,2.0,2.0,3.0,2.0,2.0,0,0,0
Li2Pt,mp-2170,0.0,111,6,18,9.007351333269272,4.938595552880302,4.938595552880302,29.00735133326928,90.05556287648099,89.94443712351902,85.955403256606,False,True,5.0,3.0,2.0,10.0,2.0,2.0,2.0,2.0,2.0,2.0,0,0,0
LiPt,mp-11807,0.0,100,6,12,12.684505253144849,2.7462759459151505,4.17046502,32.68450525314485,90.0,90.0,90.0,False,True,3.0,2.0,2.0,7.0,1.0,2.0,1.0,1.0,2.0,1.0,0,0,0
LiPt,mp-11807,0.0,110,6,12,6.86568986478788,4.17046502,4.756689469929318,26.86568986478788,90.0,90.0,90.0,False,True,4.0,2.0,2.0,8.0,2.0,2.0,2.0,2.0,2.0,2.0,0,0,0
LiPt,mp-11807,0.0,111,6,12,7.118320575933549,4.756689469929318,4.993476750136698,27.11832057593355,92.2394982689674,93.2611682910234,61.55660282401988,False,True,6.0,2.0,2.0,10.0,2.0,2.0,2.0,2.0,2.0,2.0,0,0,0
LiAu,mp-1206794,0.0,100,6,6,7.709870599999995,3.08394824,3.08394824,27.709870599999995,90.0,90.0,90.0,False,True,2.0,0.0,1.0,3.0,2.0,0.0,1.0,2.0,0.0,1.0,0,0,0
LiAu,mp-1206794,0.0,110,6,12,10.903403566661586,3.08394824,4.361361426664636,30.903403566661588,90.0,90.0,90.0,False,True,3.0,2.0,2.0,7.0,1.0,2.0,1.0,1.0,2.0,1.0,0,0,0
LiAu,mp-1206794,0.0,111,6,6,4.451295866327179,4.361361426664636,4.361361426664636,24.45129586632718,90.0,90.0,60.00000000000001,False,True,4.0,0.0,2.0,6.0,2.0,0.0,2.0,2.0,0.0,2.0,0,0,0
Li3Au,mp-11247,0.0,100,6,12,7.76680646196694,4.393569213936256,4.393569213936256,27.76680646196694,90.0,90.0,90.0,False,True,3.0,0.0,1.0,4.0,2.0,0.0,1.0,2.0,0.0,1.0,0,0,0
Li3Au,mp-11247,0.0,110,6,24,10.98392303484064,4.393569213936255,6.213445169573551,30.98392303484064,90.0,90.0,90.0,False,True,5.0,3.0,3.0,11.0,2.0,2.0,1.0,2.0,2.0,1.0,0,0,0
Li3Au,mp-11247,0.0,111,6,6,4.484167801560341,4.393569213936255,4.393569213936256,24.484167801560343,90.0,90.0,120.0,False,True,4.0,0.0,2.0,6.0,3.0,0.0,2.0,3.0,0.0,2.0,0,0,0
Li3Hg,mp-976047,0.0,100,6,24,10.512204443922208,4.2048817775688825,7.681537955837916,30.512204443922208,90.0,90.0,90.0,False,,,,,,,,,,,,0,0,0
Li3Hg,mp-976047,0.0,110,6,12,7.433251047516755,4.857161900061604,4.857161900061605,27.433251047516755,90.00000000000001,90.0,104.51008560812257,False,,,,,,,,,,,,0,0,0
Li3Hg,mp-976047,0.0,111,6,24,7.638385830682685,5.946600838013401,8.757114600729482,27.638385830682683,90.84866887925276,90.0,70.15177706519431,True,,,,,,,,,,,,0,0,0
LiHg3,mp-1079267,0.0,100,6,12,6.623643267219276,4.7104625,6.52643709,26.62364326721928,90.0,90.0,90.0,False,True,5.0,2.0,1.0,8.0,2.0,2.0,1.0,2.0,2.0,1.0,0,0,0
LiHg3,mp-1079267,0.0,110,6,24,8.209268125035305,4.7104625,11.304120632281974,28.2092681250353,90.0,90.0,90.0,False,True,5.0,2.0,2.0,9.0,3.0,2.0,2.0,2.0,1.0,2.0,0,2,0
LiHg3,mp-1079267,0.0,111,6,24,7.01504538346097,8.04877866844616,8.04877866844616,27.01504538346097,94.3979472069896,85.6020527930104,90.78828616999124,False,True,12.0,7.0,4.0,23.0,3.0,2.0,2.0,0.0,1.0,2.0,0,4,0
LiHg,mp-2012,0.0,100,6,6,8.253329749999999,3.3013319,3.3013319,28.25332975,90.0,90.0,90.0,False,True,2.0,0.0,1.0,3.0,2.0,0.0,1.0,2.0,0.0,1.0,0,0,0
LiHg,mp-2012,0.0,110,6,12,11.671970867187346,3.3013319,4.668788346874938,31.671970867187348,90.00000000000001,90.0,90.0,False,True,3.0,2.0,2.0,7.0,2.0,1.0,1.0,2.0,1.0,1.0,0,0,0
LiHg,mp-2012,0.0,111,6,9,7.521936781076294,4.668788346874938,4.668788346874937,27.52193678107629,90.0,86.8152614632796,60.00000000000001,False,True,2.0,2.0,1.0,5.0,2.0,2.0,1.0,2.0,2.0,1.0,0,0,0
LiPb,mp-2314,0.0,100,6,6,8.815652475,3.5262609899999995,3.5262609899999995,28.815652475,90.0,90.0,90.0,False,True,2.0,0.0,1.0,3.0,2.0,0.0,1.0,2.0,0.0,1.0,0,0,0
LiPb,mp-2314,0.0,110,6,12,12.46721529131294,3.5262609899999995,4.986886116525176,32.46721529131294,90.00000000000001,90.0,90.0,False,True,3.0,2.0,2.0,7.0,1.0,2.0,2.0,1.0,2.0,2.0,0,0,0
LiPb,mp-2314,0.0,111,6,6,5.178583400354455,4.986886116525176,4.986886116525176,25.17858340035445,90.0,93.5020769890544,60.00000000000001,False,True,5.0,2.0,2.0,9.0,2.0,2.0,2.0,2.0,2.0,2.0,0,0,0
Li3Pb,mp-30760,0.001960421000001,100,6,24,11.67871364450155,4.671485457800619,6.688584376888488,31.67871364450155,90.0,90.0,90.0,False,True,5.0,3.0,3.0,11.0,2.0,2.0,2.0,2.0,2.0,2.0,0,0,0
Li3Pb,mp-30760,0.001960421000001,110,6,12,8.258097613562898,4.70060404979089,4.70060404979089,28.2580976135629,90.00000000000001,90.0,90.707673825161,False,True,3.0,0.0,1.0,4.0,3.0,0.0,1.0,3.0,0.0,1.0,0,0,0
Li3Pb,mp-30760,0.001960421000001,111,6,18,6.027057874032629,6.60647809085032,8.15842738211228,26.027057874032632,85.76316279006925,85.44994412137075,66.11597027792004,True,,,,,,0.0,0.0,0.0,0.0,0.0,0.0,0,0,0
LiPb3,mp-1185275,0.020380532500002,100,6,24,11.95077139292481,4.7803085571699215,9.78119255436144,31.950771392924807,90.0,90.0,90.0,False,,,,,,0.0,0.0,0.0,0.0,0.0,0.0,0,0,0
LiPb3,mp-1185275,0.020380532500002,110,6,12,8.450471492347333,5.945048939853222,5.945048939853222,28.450471492347333,90.00000000000001,90.0,110.69858081409338,False,True,4.0,0.0,1.0,5.0,3.0,0.0,1.0,3.0,0.0,1.0,0,0,0
LiPb3,mp-1185275,0.020380532500002,111,6,16,5.844708003022459,6.760377193877864,10.886830470217108,25.84470800302246,97.51604742901613,94.2940215277791,71.91158835056743,True,True,12.0,8.0,4.0,24.0,0.0,2.0,0.0,0.0,1.0,0.0,0,1,0
LiAu3,mp-11248,0.0,100,6,12,10.070817625000004,4.028327050000001,4.028327050000001,30.070817625000007,90.0,90.0,90.0,False,True,2.0,2.0,2.0,6.0,0.0,2.0,0.0,0.0,2.0,0.0,0,0,0
LiAu3,mp-11248,0.0,110,6,12,7.121143434730502,4.028327050000001,5.696914747784401,27.121143434730502,90.0,90.0,90.0,False,True,4.0,0.0,2.0,6.0,0.0,0.0,0.0,0.0,0.0,0.0,0,0,0
LiAu3,mp-11248,0.0,111,6,24,11.62877853350676,5.696914747784401,5.696914747784401,31.62877853350676,90.00000000000001,90.00000000000001,60.00000000000002,False,,,,,,0.0,0.0,0.0,0.0,0.0,0.0,0,0,0
Li3Au,mp-1185200,0.0041722724999999,100,6,24,10.130260003692484,4.052104001476989,7.602144002370045,30.13026000369248,90.0,90.0,90.0,False,True,5.0,3.0,3.0,11.0,0.0,3.0,0.0,0.0,3.0,0.0,0,0,0
Li3Au,mp-1185200,0.0041722724999999,110,6,12,7.163175543793809,4.7600338000465525,4.7600338000465525,27.16317554379381,90.00000000000001,90.0,105.98160030851336,False,True,4.0,0.0,1.0,5.0,0.0,0.0,0.0,0.0,0.0,0.0,0,0,0
Li3Au,mp-1185200,0.0041722724999999,111,6,24,7.37177210994709,5.730540435035046,8.614646845434624,27.371772109947088,89.89947866222482,90.0,70.57306613431223,True,,,,,,0.0,0.0,0.0,0.0,0.0,0.0,0,0,0
LiAu3,mp-1185333,0.0052734062499979,100,6,24,12.92794092107761,4.81232373,5.60583159,32.92794092107761,90.0,90.0,90.0,False,True,5.0,3.0,3.0,11.0,,,,,,,0,0,0
LiAu3,mp-1185333,0.0052734062499979,110,6,24,7.023027411222397,4.81232373,9.709585132554624,27.0230274112224,90.0,90.0,90.0,False,True,4.0,4.0,2.0,10.0,,,,,,,0,0,0
LiAu3,mp-1185333,0.0052734062499979,111,6,24,6.517920187645512,7.388085509640707,7.388085509640707,26.51792018764551,86.91921063330373,93.08078936669628,97.84017036652564,False,True,3.0,2.0,1.0,6.0,,,,,,,0,0,0
